requests_per_minute,unique_records_accessed_5min,off_hours,failed_auth_attempts_10min,bytes_transferred_5min,is_confidential_endpoint,label
2.0630948876772317,0,0,0,8818.280455892123,0,0
3.1240773027947832,0,0,0,6979.437925143743,0,0
1.7597863419103896,1,0,0,5580.4006079673745,1,0
5.2080218497352,4,0,0,4826.5624138350095,0,0
1.5360617758276427,1,0,0,8060.029310821825,0,0
1.574966917634128,3,0,0,3533.8883091495745,0,0
5.416674222749432,0,0,0,9017.41740909884,0,0
3.992921384145775,1,0,0,5453.113856263289,0,0
0.8379738003989194,1,0,0,6964.245649707502,1,0
2.9175977006956235,1,0,0,3050.78115509517,0,0
1.9458675602681939,0,0,0,7059.801429857522,0,0
1.72013497416177,0,0,0,10622.873768014688,0,0
4.736261637031701,4,0,0,2054.6323553602283,0,0
0.31993873294788333,1,0,0,6208.0036043963355,0,0
5.251853795740816,2,0,0,6304.64317541026,0,0
3.6068177896292353,1,0,0,6843.117095614445,0,0
0.6108086104177084,0,1,0,3011.8176460921627,1,0
3.6304842446641934,3,0,1,4475.06536638587,0,0
4.0068420174205475,3,1,0,8102.444472773759,0,0
3.1655935884183277,1,0,0,4217.6549776349975,1,0
2.7454203053694326,3,0,0,2738.381372067875,0,0
5.135339208397549,3,0,0,10496.776589586305,1,0
2.4580943624948315,3,0,0,9793.880353067558,1,0
6.0790274729188365,4,0,1,6185.588957870476,0,0
31.471768300184564,5,1,6,2677.59823807971,0,1
4.342777472957529,2,1,0,8158.231244242772,0,0
65.81164097444403,53,1,2,83878.69063028536,1,1
1.4794239503394016,1,0,0,3910.383084421079,0,0
25.56786141318114,3,0,6,869.4239223858531,1,1
1.8307764049118704,2,0,0,6708.972803660006,0,0
2.593659559393594,1,0,0,7587.998678778214,1,0
3.6890786575749175,0,0,0,6168.100368751691,0,0
11.554361248948725,2,0,5,683.6666629140514,1,1
18.052503163486428,2,1,12,3702.6942045707065,1,1
3.9431944404154544,5,0,0,5748.445247880496,1,0
2.1202265236200537,2,0,0,7231.645393148753,0,0
6.048505537065507,2,0,0,2178.689796924058,0,0
32.641561028509635,53,0,2,70900.00750083048,1,1
20.633936225923673,1,0,8,3115.6766327544015,1,1
5.31523928402183,2,0,0,4199.218472786096,0,0
5.094137353867115,2,0,0,5778.420484417559,1,0
71.19526002595249,51,0,0,94112.65113328963,1,1
3.646231504511824,0,0,0,4845.916673557177,0,0
4.190020852799888,2,0,0,4562.243101847028,0,0
5.75608001323128,1,0,0,8666.979566276475,0,0
0.6076871039766001,1,0,0,3524.9294455823365,1,0
3.819133846247143,0,0,0,5550.7461936893615,0,0
23.2411119292831,25,1,0,12004.571731510998,1,1
3.8200005489247273,1,0,0,8885.904528422428,0,0
3.6747229898348013,1,0,0,6712.77788460515,0,0
8.412338727206267,26,1,0,61790.85309253127,1,1
2.0,29,1,1,37822.718885882925,1,1
2.3952559846049266,1,0,1,4862.40092105646,0,0
2.148416785120948,1,0,0,6854.289802117774,1,0
3.021791822906353,2,0,0,5901.225049083448,0,0
1.1117903104734954,0,0,0,5493.183791018012,0,0
3.779490860019754,1,0,0,6009.038914411454,0,0
2.7650431535128646,2,0,0,3110.634600357966,0,0
2.866019395948898,0,0,0,5763.776392950388,0,0
6.409487738969084,3,0,0,6096.4604033149,0,0
1.9514672203441104,0,0,0,3190.370532761264,1,0
12.081182515994772,22,1,0,35906.32784,1,1
44.55208435637036,62,0,4,69374.79766792052,1,1
1.2243613544097074,3,0,0,2889.53589997833,0,0
2.7682057768967967,0,0,0,7060.264913309491,0,0
3.007984290677551,2,0,0,3731.43398897291,0,0
2.477745313744988,2,1,0,8794.554642449937,0,0
3.020847313998767,2,0,0,1427.085225351018,0,0
3.2051611759750487,5,1,0,11697.206731432518,1,0
24.12663931784347,5,1,5,4715.772947985063,0,1
3.2209834957297057,2,0,0,7139.814159220212,0,0
1.2062405316164404,0,0,0,6075.091434924748,0,0
5.815266916922505,3,0,0,5864.236842436056,0,0
3.4439909845306493,3,1,0,7317.894508859886,1,0
1.9060695954395077,5,0,0,3424.12496169546,0,0
3.478642251035361,2,0,0,7185.374666122958,0,0
4.052495472134351,1,0,0,5217.865740875426,0,0
4.454706731087618,1,0,0,5620.411901023737,0,0
2.442873395876897,2,0,0,1648.1361707768856,0,0
2.7330636663814705,4,0,0,5986.846066394912,1,0
2.530269091637579,2,0,0,5463.6594116865235,1,0
0.7529403369134302,3,0,0,6306.805867560819,0,0
72.71348022812589,51,0,1,106093.7454062608,1,1
3.7981940608221576,2,0,0,2443.155176836665,0,0
2.7443855141475266,0,0,0,5050.785453312515,0,0
4.891405985344477,2,0,0,6524.926454672274,1,0
3.9553594250583153,0,1,0,5434.225430723718,0,0
3.479100395686843,2,0,0,8060.526905825827,0,0
19.459989400805078,3,1,9,694.9062340788823,0,1
1.783666584287117,1,0,0,5642.969319883677,0,0
68.83701902733152,65,1,2,55058.88146433023,1,1
4.658990054860947,6,0,0,7145.772940625003,0,0
4.474109266534587,2,0,0,2035.4355947658096,0,0
4.268224662722781,3,0,0,2433.15504768003,0,0
2.4965889478220307,1,0,0,5138.316450032883,0,0
16.455162378501406,1,0,11,2473.0789062076237,0,1
5.463990440154351,0,0,0,3395.309609160103,0,0
3.3544864230423013,0,0,0,6483.533470466997,1,0
4.262730100335093,0,0,1,5692.936773551341,0,0
2.535980190419642,1,0,0,3733.886668415254,0,0
2.4517956088286623,2,0,0,6500.128766257063,1,0
1.9519793460227555,2,0,1,6604.879640493279,1,0
6.506767678758248,2,0,0,7373.578358064458,0,0
13.295067395820055,23,1,0,20997.896243692245,1,1
2.3119870725910006,2,0,1,3992.8621372327502,1,0
7.35760075386061,2,0,0,5928.092015366319,0,0
3.672486098959739,3,0,0,9190.974060866654,0,0
5.789242211434967,1,1,1,4461.105550642631,0,0
12.829890366419301,25,1,0,18199.067205661566,1,1
7.0661182908274895,4,1,0,7369.650012996037,1,0
3.3838602751563345,3,0,0,5058.485327719221,0,0
2.10586665051575,3,0,0,3987.091595268866,0,0
41.58282245415476,60,0,0,125991.72980607906,1,1
1.4690654707299937,1,1,0,6970.871748588225,0,0
3.017574626579048,3,0,0,7319.562433350095,0,0
6.626708304174668,3,0,0,4405.897843514259,1,0
3.1015068870940645,2,0,0,3812.7767632810073,0,0
3.14188879943655,1,0,0,6394.209744146669,0,0
1.6847088327486177,3,0,0,3003.0799530619624,0,0
3.932401969681457,2,0,1,5102.393883709445,0,0
0.7278678363096911,1,0,0,1642.9879001296708,1,0
3.616757877023945,3,0,0,7067.040871192963,0,0
12.027244189674768,1,1,9,2422.3150981078825,1,1
2.754835652213231,3,0,0,2040.5283069091906,0,0
4.852871082465409,2,0,0,7029.866795078398,0,0
19.81890132365203,4,0,9,1382.927213124045,1,1
3.1390191690435056,3,0,0,6246.005090140931,1,0
4.083432246834004,5,0,11,1242.8684943142637,1,1
4.264761465034003,1,0,0,6509.363630744829,0,0
3.4057280791652986,0,0,0,1909.7107500505058,0,0
44.286628351342785,49,0,0,91920.4413030753,1,1
3.19769764051623,1,0,0,4501.477050523042,0,0
5.544880024456276,1,1,1,5253.833825416263,0,0
3.546801733549894,2,0,1,2058.6517071572143,0,0
2.072918389822189,2,0,0,3262.53887283865,1,0
23.604319165598632,64,0,2,66108.12186760893,1,1
5.1284194378403924,32,1,0,67844.66485618617,0,1
3.6146268294349344,4,0,0,4742.079665348823,0,0
2.9465838957148636,1,0,0,1412.102639990626,1,0
3.4287392094038145,5,0,0,1063.6850585328689,0,0
1.4069306117301679,2,0,0,2442.0223784067825,0,0
4.847969104897533,3,0,0,7663.373603074287,0,0
10.216919806830006,4,0,8,3317.8579438338684,1,1
3.4815690137472535,6,0,0,4979.802116533566,0,0
7.677276691257719,20,0,2,38949.18145797492,0,1
4.363739403320815,5,0,0,8326.29525348908,1,0
3.1786858940494165,0,0,0,4104.688961606638,1,0
3.9675250339725903,2,0,0,4498.993461353659,1,0
3.2124850460865386,7,0,0,4616.308039640907,0,0
3.571907085121463,2,0,0,5042.67709729065,0,0
3.042033280538815,1,0,0,3529.7132941691098,1,0
1.4282396716952697,2,0,0,1778.3211503491038,0,0
19.115166226603378,7,0,5,3343.02822391165,1,1
22.526295830992836,4,1,10,1933.7560840990839,0,1
3.9834270917570738,3,0,0,8395.227330942786,0,0
2.974798263743567,4,0,0,4397.133029378981,0,0
2.006632771013111,2,0,0,3060.0178153124925,0,0
2.0687679214791173,2,0,0,4572.3109092069535,1,0
2.746736122195551,2,0,0,7308.95049531845,0,0
1.7805883570345111,2,0,0,4326.946452244943,1,0
2.5804847533006603,0,0,0,984.3203539612928,0,0
3.382790027634025,2,0,0,7171.169758447448,0,0
3.0533647154769374,2,0,0,2988.730631477036,0,0
2.6341558347339933,5,0,0,5185.039947644966,0,0
1.4465193707612825,2,0,0,6483.752883918345,1,0
5.020984862420338,3,0,0,3845.293390158684,0,0
3.164471631861013,1,1,0,4900.434673674366,0,0
0.9203366200947101,2,0,0,6127.385535594527,1,0
2.5944051662949623,2,0,0,5693.191810070583,0,0
2.282875413369263,1,0,0,5805.89916654591,1,0
3.2049034245190513,1,0,0,6048.1187446896865,0,0
2.999155354315562,1,0,0,4857.056816715416,0,0
3.742909419102897,3,1,0,4960.503004039974,0,0
2.892002111340317,0,0,0,4899.616375925799,0,0
2.5734542429398575,0,0,0,9838.275047382536,0,0
1.4572436385880954,2,0,0,4224.6607237622,1,0
38.61951587475686,58,1,2,66908.74651877856,1,1
4.505214436316496,3,0,0,6698.268466917431,1,0
3.394123837720708,1,0,0,6615.979159743313,0,0
5.2160904974620035,2,0,0,4040.5712073577497,1,0
13.362612384826267,39,0,0,52003.36440871791,1,1
3.767270552878787,3,0,0,6399.951408445194,1,0
3.1422402895955637,2,0,1,5505.904028719114,1,0
2.4327561689409154,2,0,0,3852.6517496069846,1,0
1.7167103206371364,1,1,1,7422.029045649229,0,0
4.088561974978083,5,0,1,4367.994316281767,0,0
1.4247418204789346,4,0,0,5662.73028230671,0,0
3.6036611300152823,3,0,1,6333.052481063178,1,0
2.457344283833743,4,0,0,7093.600904417579,0,0
1.404660405847924,8,1,0,5965.828205376088,0,0
3.937627801872231,0,0,0,4448.66424673864,0,0
0.784285552331359,1,0,0,4709.2136363956115,1,0
4.855575812763703,0,0,0,8429.21458464325,0,0
11.953379046936902,2,1,9,1826.0803381030676,1,1
3.872775658960618,2,1,1,4514.207943466851,1,0
5.368778254472447,2,0,0,7159.671157999359,0,0
0.1,5,0,0,3808.688200733828,1,0
3.1630532292201146,0,0,0,3100.1652018416917,0,0
1.3121647344302476,3,0,0,6038.8287965157015,0,0
14.616581183682309,19,0,0,37804.59899976372,1,1
0.8797240145210208,4,0,0,4702.172148820395,0,0
3.511187112003159,1,0,0,1259.8514778455765,1,0
5.628971331826408,1,0,0,3539.5276756361172,0,0
25.318254078785,77,0,0,67123.06890024857,0,1
3.9305585908970366,1,0,0,3058.097675158746,0,0
3.259510709478339,3,0,0,6105.750326751191,0,0
3.4859853844082167,4,0,0,4494.4048380854965,1,0
3.562886217250104,3,0,0,4980.9123455555755,1,0
4.162843780276072,5,1,0,862.9068676485995,0,0
3.5955499500232366,5,0,0,5315.572226774192,1,0
3.5584883400904577,1,0,0,4440.773810023524,0,0
4.235629697814273,0,0,0,5178.0515895764165,0,0
4.0786395691325055,3,0,0,1678.8676562895075,0,0
2.9462628800010666,0,0,0,4793.909214205366,0,0
26.943399751502426,49,0,0,78786.47957154337,1,1
1.34900810364846,1,0,0,5166.362888939277,0,0
22.47260483203453,3,0,12,2979.9261515041117,1,1
1.7793409076281834,2,0,0,3842.5621001821974,0,0
2.2606965782633974,1,0,1,6860.891264840819,0,0
3.5098130417890556,3,0,0,5337.459575783138,1,0
4.7543072209408255,2,0,0,8781.155055568923,0,0
2.7184935136073216,0,0,1,4533.705566741208,0,0
31.051265777945122,33,1,0,18367.096359474912,1,1
0.12477619235238535,2,1,0,5680.685131832128,0,0
3.866103866278875,1,0,0,5231.356295810556,1,0
1.312605967346768,2,0,0,6440.8594693946725,0,0
0.13535564138057854,2,0,0,4799.0905297340805,0,0
0.1,1,0,0,8643.635340115128,0,0
2.4421281280180653,1,0,0,7054.345917152628,0,0
4.265905337330033,1,0,0,3481.3318043559793,0,0
1.3443889533269893,1,0,0,4611.2315500770155,0,0
4.635707986707848,1,0,0,9239.759573750121,1,0
2.0572729047948153,2,0,0,5364.30408581377,1,0
7.240635536685923,26,1,0,27961.945557429925,0,1
0.8048369972444953,2,0,0,1442.482428220726,0,0
4.441640229180324,1,0,0,7694.489256162205,0,0
2.326683569579423,0,0,0,5835.741219683053,0,0
2.6313577499806478,2,1,1,6932.583557385585,1,0
4.61851445885417,4,0,0,4595.299758505973,0,0
31.867216045273334,4,1,7,100.0,1,1
3.0519178112778835,2,0,0,6621.040395763122,1,0
0.1,2,0,0,5586.907640125746,0,0
56.07500164997671,52,0,0,93503.42346919751,1,1
76.08095120945605,55,0,1,107054.97113108807,1,1
2.1588687538683815,1,1,0,7247.038561421896,0,0
3.086115107157237,3,0,0,3941.102166100517,0,0
3.9045102801400144,3,1,0,6530.765376951253,0,0
4.4932354244179775,0,0,0,1176.1004231702677,0,0
0.1,3,0,0,1561.7043089573845,1,0
13.25463074813349,2,1,10,6018.272087691017,0,1
24.03642354143697,2,0,5,953.7359302014149,1,1
36.087128248742076,69,0,0,58611.116062007924,1,1
3.8044454537713404,3,0,0,4818.27029422141,0,0
3.494915307985897,2,0,0,6518.238122696494,0,0
0.1,1,0,0,6143.693785102148,1,0
2.6685490233204687,2,0,0,9220.473702278246,0,0
5.352309670595748,1,0,0,3545.810929210231,0,0
2.957875387343952,1,0,0,1357.254214919085,0,0
4.205377529067903,5,0,0,5535.358407280917,0,0
2.382542516675686,1,0,0,4990.285246786736,1,0
2.3167082324948542,4,0,0,4786.236259351475,1,0
1.8089346874517198,4,1,0,2575.578129969896,1,0
2.8528896472012386,4,0,0,5288.273603751256,0,0
20.252199755597513,37,1,0,48035.87761780667,1,1
1.7857705216608504,2,0,0,2092.634542064874,1,0
3.167025644097167,0,0,1,4985.232017416615,0,0
5.724790494210158,1,0,0,4887.02912377817,1,0
3.690327959152595,3,0,0,3887.7514821191944,1,0
2.0052393740448524,2,0,0,5324.063697747969,0,0
3.235572851168017,0,0,0,6027.140365633641,0,0
6.57390342402611,4,0,0,5773.499631829418,1,0
3.146120119436673,2,0,0,5569.239414585032,0,0
18.033194103997143,1,1,7,1924.3807237875524,1,1
3.099046046341824,1,1,0,5074.166638756389,0,0
3.6219244275400544,2,0,0,4189.814619444391,0,0
4.308523019942653,2,0,0,6355.44008487561,0,0
2.96597208701153,3,0,0,3070.8212521109695,1,0
2.7456739264493337,4,0,0,9276.473023549803,0,0
1.180921801436115,1,0,0,4366.7781787471085,0,0
3.2719713267921295,1,1,0,5260.977399468113,0,0
16.54015234748525,35,1,2,20883.701365179906,1,1
10.144103038393146,26,0,1,43260.30090809979,1,1
3.08741149640317,2,0,0,6015.454192677502,0,0
1.3158473515935074,2,0,0,5713.127124774042,1,0
3.4246028820149843,3,1,0,3679.799835583247,0,0
4.799594670516256,2,0,0,724.5063867051977,0,0
4.330138581607108,5,0,0,1635.2167334245528,1,0
2.530436571110692,2,0,0,2369.13853423098,0,0
0.9748513228103683,0,0,0,5851.665217810633,0,0
6.052609954096601,2,0,0,3324.6700019127993,0,0
3.549797110855845,1,0,0,5804.278557217142,0,0
3.4566532842207236,0,0,0,1789.9852660075908,1,0
4.499511029807984,2,0,1,2916.767183454568,1,0
0.21553264932831429,3,0,0,4510.578791619645,0,0
2.5649013390941224,1,0,0,3382.471145145195,0,0
3.2660941719554106,2,0,0,1646.6264151351847,0,0
2.4679540455604836,1,0,1,5815.037244084834,1,0
3.3514475405653466,2,0,0,5413.292184920384,0,0
36.40392309759021,66,0,0,58882.07597838393,1,1
1.2761940042175588,1,1,0,2768.084103801837,0,0
3.9527264202216066,3,0,0,6956.136043000546,0,0
2.3893826454745124,3,0,0,7337.868537989485,0,0
2.11203178840503,4,1,0,6486.087896044786,1,0
4.042005917442613,0,1,0,4277.132048722425,0,0
1.016706050868827,3,0,0,2252.7374444103375,0,0
20.357476827269032,30,1,0,3114.518296402348,1,1
24.764491440071037,2,0,11,2632.6938859810375,1,1
5.763225987852396,3,0,0,5797.55548873005,0,0
3.0787001975343653,2,1,2,3721.2880089081546,0,0
3.3533548059598406,3,0,0,4531.19624084871,1,0
3.430936141554546,3,0,0,5324.909746557857,1,0
6.033163426280214,1,0,0,5657.684104930961,0,0
5.053176947855344,1,0,1,5662.24469489035,0,0
20.489135017776018,3,1,9,4899.796846004254,1,1
3.48601878628497,4,0,0,6724.871965896717,0,0
2.8353987275547246,2,1,0,1769.8773017728658,0,0
2.3855266074479973,0,0,0,4115.819890826661,0,0
1.5459021333920688,1,0,0,4969.498548076373,0,0
3.0,7,1,11,2921.920930363169,0,1
0.9964192360431459,1,0,0,5509.097009628053,1,0
29.295671933127878,4,0,14,3810.992387491571,1,1
6.633671851625244,1,0,0,5062.384913953832,1,0
1.4290692804242844,3,0,0,4373.289299937692,0,0
3.301275445913895,5,0,0,4401.19521466171,0,0
4.633826245066189,2,0,0,9543.954970313693,0,0
2.381494691692904,2,0,0,3970.245214495043,1,0
2.051871265786634,0,0,0,900.2717180224963,1,0
2.184756738101048,1,0,0,3826.719395363625,0,0
41.78023113093444,58,0,1,57626.32000780596,1,1
40.001064672232,66,1,2,105915.92489443549,0,1
2.5434890926231173,1,0,0,4457.011132868725,0,0
2.572673900426138,2,0,0,7197.9854352974635,0,0
51.966576177547736,70,0,2,113697.21475277652,1,1
3.9492868719109597,2,0,1,5014.250517063508,0,0
2.7443886282536933,1,0,0,3298.0391959347903,0,0
3.0578716844713756,1,0,0,5616.463419383854,1,0
4.649969475513125,1,0,0,6315.3884789238,0,0
2.539375172498135,3,0,0,5362.009522334398,1,0
2.6162652986361263,3,0,0,6793.029307328074,0,0
1.610200333264274,3,0,0,3168.7523388383597,0,0
53.59507041739668,61,1,2,53108.17916950765,1,1
63.00501299294969,62,0,0,108669.57904882102,1,1
0.1,3,0,0,6702.1085754503565,0,0
1.8474665106781312,0,0,0,2437.424552093882,0,0
3.24228697823077,2,0,0,6346.718012518205,0,0
3.934936599377956,1,0,0,4159.724723141287,0,0
23.349296642005736,1,0,11,5958.785156830091,1,1
0.1,3,0,0,3051.621878539689,0,0
4.228145925521163,0,0,0,6472.368566935829,0,0
2.2973614531508133,0,0,0,6725.1605660953755,0,0
3.208667609642388,0,0,0,4988.060889491124,1,0
3.3320628809643424,4,1,0,3608.3097742675363,1,0
2.437582965226297,3,0,0,2714.605909971257,0,0
2.6220339326896718,5,0,1,4145.760352875009,0,0
15.207901011085198,4,0,7,3982.916557159084,1,1
5.593046466608389,3,0,0,3252.961461313518,1,0
3.5054350140902857,2,0,0,5210.002019191146,1,0
3.552534919050988,2,0,0,2205.3029822772423,0,0
3.5480456130956513,0,0,0,2234.5022232383517,1,0
2.039264892216861,1,0,0,2937.718240179334,1,0
2.1083994717018975,4,0,0,2692.491492520583,1,0
3.9980776634591795,0,0,0,5637.053149783919,0,0
3.3705100612262613,1,0,0,5108.866507023982,0,0
2.9413516181751707,4,0,1,4245.603823105747,0,0
4.177266054912202,0,0,0,4541.624177643451,1,0
4.889558779320609,2,0,0,3137.3490958004572,1,0
3.798463778330023,5,0,0,4747.483058622557,0,0
3.5892412023898785,0,1,0,8734.690335862218,0,0
2.218015622044073,4,0,0,5466.193477382568,0,0
20.127705535510124,32,1,0,55949.20700771375,1,1
2.924118897849855,1,1,0,3134.804184078927,1,0
0.6215949380996166,3,0,0,5337.1205040441555,0,0
4.259883907699197,3,0,0,9437.374349293335,0,0
2.259797686269186,0,0,0,5660.592365665844,0,0
1.0696388391954383,1,0,0,3495.7185985836204,0,0
5.0,43,0,1,78505.9242652695,1,1
3.818690639774929,5,0,0,6450.043289482082,1,0
2.6320832310868356,4,0,0,5815.182142913759,0,0
4.56829841218452,2,0,1,4822.665166671537,0,0
20.116591615927756,21,1,1,35315.63306439935,1,1
2.521341389170538,1,0,0,4639.136275862307,0,0
15.435700798557974,51,0,2,68659.9721045468,1,1
2.5393093903713218,1,1,0,6626.2273109688995,1,0
4.804051209804219,2,0,0,5381.046328477727,0,0
0.6556734819902257,1,1,0,4880.187675799853,1,0
0.6494126246468426,1,0,0,5400.831188196461,0,0
13.20831652136458,26,1,0,52537.23316913802,0,1
2.5551435696979374,0,0,0,7696.470213656277,0,0
5.525379314307034,3,0,0,4546.514496435015,0,0
2.1973692699349323,1,0,0,7631.841090385476,0,0
0.1,0,0,0,5819.741139449324,0,0
5.142513870014811,24,1,0,60797.85296921131,1,1
1.9998737246897165,3,0,0,8830.07737106557,0,0
2.7130435126775776,0,0,0,6355.377494685104,0,0
3.9998590029143006,4,0,1,5157.777117345794,0,0
3.1708127912130184,1,0,0,6467.626822143889,1,0
3.218907441217161,0,1,0,8352.549005782143,0,0
2.2400959560431954,0,1,1,1116.583089879036,0,0
1.1779975090371577,2,1,0,8185.3484825989835,0,0
4.137529548966098,1,0,0,10201.486377255711,0,0
1.6306830199217592,3,0,0,6560.403638330563,0,0
63.306375656674206,75,1,1,71656.40064506007,1,1
2.6956290228066786,5,1,0,5460.950324559086,1,0
1.6537605437180065,1,0,0,5931.221175318238,0,0
4.090309295544635,1,0,0,2898.2797953291956,1,0
3.066325504350275,2,0,0,6039.278363893467,0,0
1.4032908808107416,5,0,0,5047.68999455505,0,0
2.1331588378835162,2,0,0,8280.365859132113,1,0
3.786281764219156,0,0,1,6479.252733192207,0,0
4.128575599069017,2,0,0,5580.147406800605,0,0
0.5996912264347838,3,0,0,4579.263499552757,0,0
2.6903313623841907,3,0,0,6043.244683711933,1,0
3.3171902285458756,4,0,0,3331.5205121921,0,0
3.84340930787174,4,0,0,4904.024893888016,0,0
0.7767219038357691,1,0,0,10971.186075568501,0,0
21.98985243727737,65,0,3,144166.0665411798,1,1
0.40901936521147686,3,0,1,5194.228292443087,0,0
13.618799800365597,3,1,7,2287.166280366944,1,1
4.18876111750891,3,0,0,4755.4413121458065,0,0
0.935935002640278,3,1,0,5267.318253601905,0,0
0.5877212831826877,2,1,0,7265.965705865027,0,0
3.831495006948586,2,0,0,5102.381185565436,1,0
2.8278330764971162,3,0,0,7585.339191574531,1,0
1.8112112543131282,1,0,0,2710.38963047333,0,0
1.5859801282029893,2,0,0,6809.192539778261,0,0
15.689172332279718,2,0,7,4029.6401018983443,1,1
0.3375569105368075,4,0,0,4828.141451124595,0,0
3.3554229173189247,3,0,0,3740.7442974463534,0,0
12.490529014161087,6,0,10,2910.4881546659744,0,1
0.1,1,0,0,4646.716422915433,0,0
4.6920282860239535,1,0,0,5562.479407613035,0,0
14.38918666528591,26,0,1,31411.23079664776,0,1
2.075710890013958,0,0,0,4576.679694999279,0,0
1.432105827902289,1,0,0,6987.847149163928,0,0
7.286157634709798,2,0,0,4324.901509247881,0,0
3.0300559362994677,2,0,0,2996.4334616019596,0,0
4.55067925190835,1,0,0,2683.2933757906167,1,0
2.286376321031074,4,0,0,4499.530738682722,0,0
3.2399874203601575,2,0,0,3022.784404374039,0,0
1.7736624025050518,0,0,0,8102.6806974284,1,0
0.10111646858908419,1,0,0,5604.350260446028,1,0
3.685162856336117,0,0,0,1876.137864644516,0,0
3.0690872078656732,3,0,0,7308.093418342375,0,0
5.884419291099865,1,0,0,5925.2503226605895,0,0
0.3345200410108875,1,0,0,3778.5887740307116,0,0
2.64533037005323,2,1,0,4403.997295105567,0,0
3.254210806789891,1,0,0,5881.095372688628,0,0
20.264590498262805,30,1,0,26118.212981337005,0,1
3.3637451869068324,1,0,0,5126.827364660151,0,0
2.8804226836404014,2,0,0,7564.149018622213,0,0
1.003684121079764,3,0,0,5685.411492224364,0,0
5.817568697989694,0,0,0,3999.761113599051,0,0
2.3653460504821435,21,1,0,3752.326918799452,1,1
2.7262502360246073,0,0,0,7407.889839459658,0,0
23.432466636736752,2,1,9,3809.4158649815404,1,1
2.4081407221959092,2,1,0,6811.734118967161,0,0
3.90749006351831,0,0,0,5775.014315316986,0,0
1.8739130726023312,2,0,0,100.0,1,0
0.39842135632664855,6,0,0,6313.02103393807,0,0
3.3793272224548483,0,0,0,5439.973373408932,0,0
5.609472062896518,4,0,0,3830.1754448641614,1,0
0.4440107060844367,0,1,0,7142.017082497297,0,0
3.7648473727148035,2,0,0,4731.537868973242,1,0
2.7574184954381296,3,0,0,6585.218790626545,0,0
5.235186513444858,4,0,0,136.51905824627647,0,0
2.0874487561439725,1,0,0,8063.340932776728,0,0
4.8492956149635145,1,0,0,3789.175948611797,0,0
24.976234318276326,21,1,0,42023.09393740935,1,1
19.027215640481295,2,0,7,2546.2749480663624,1,1
10.64376391775265,2,1,2,3817.3261429694635,1,1
3.0424901176244115,4,0,0,3530.2879117126467,0,0
2.3034294117068272,3,0,0,3544.7065214573745,1,0
3.5014426927465716,1,0,0,2106.756274871651,0,0
3.6982451612494196,1,0,0,4331.74861773263,0,0
4.089043549558712,1,0,0,4188.418678053565,0,0
4.169804418784165,2,0,0,6697.463507905837,0,0
4.1252223948485005,4,0,0,5487.574387465454,1,0
5.564915931018106,4,0,0,5157.933676956466,0,0
1.6156703371570986,4,0,2,2380.0836100903703,0,0
1.9560860824939454,3,0,0,4679.590520249961,1,0
46.45613469653296,70,1,4,34934.66008601743,1,1
4.474859954168107,2,0,0,3545.577670478264,0,0
1.522507608413337,3,0,1,5546.1324050938465,1,0
3.2663866753853883,1,0,0,8446.41769726596,0,0
0.6544423221852766,1,0,0,1876.9342029930017,1,0
14.709255580585179,2,1,9,2003.0704932224112,0,1
3.3482419846000795,0,1,0,2969.0164389635484,0,0
4.031538277676673,3,0,0,5473.429559675898,0,0
4.373853813534019,4,0,1,5575.2213663628,0,0
3.630282898087406,0,1,0,6202.310489990126,1,0
4.602707333983558,3,0,0,6058.4826418945995,0,0
0.5468051273132133,2,0,0,4142.078624657589,0,0
0.1,2,0,0,5905.47937668887,1,0
4.097720091481332,1,0,0,5628.399785080484,1,0
4.871924977589147,5,0,0,6826.830831958112,0,0
0.8486666888135952,0,0,0,3701.5332840364326,0,0
2.6199336465779774,4,0,0,4114.8059196580725,0,0
1.7666249740645195,2,0,0,6576.7044740674855,0,0
2.936132068433334,1,0,0,7732.094004764234,1,0
1.8859817179482705,1,1,0,3853.4686111864467,0,0
4.153721252950211,2,0,0,7285.493816521366,1,0
0.17135758414330793,3,0,1,5037.020571786529,1,0
1.4766313781886877,3,0,0,8286.19717131964,0,0
29.559967510810083,28,1,1,52185.60015401865,1,1
0.1,2,0,0,3383.199095020046,0,0
3.335393323162023,2,0,0,5645.243770310903,1,0
2.433290200862592,3,0,0,6210.3834498817805,0,0
3.4172155896819403,2,0,1,6263.198404582601,0,0
6.013133079277708,4,0,0,5412.952063835541,0,0
0.8928126785845087,1,0,0,6799.816698288075,0,0
2.7431508838615106,2,0,0,1494.9726172547444,1,0
0.43279026040431123,1,0,0,6924.090771590231,0,0
3.157035044832189,6,0,0,8180.780793324251,1,0
4.1502343076763655,2,0,0,9428.935203289046,1,0
2.4976724550213376,0,0,0,8739.77694569272,1,0
4.955347601712131,1,0,0,6664.456640100819,1,0
0.528755551428842,1,0,0,5878.594895244704,0,0
0.829331291365369,2,0,1,6373.658112498057,1,0
3.0095085935434027,1,0,2,4032.312682878481,0,0
4.982440910180241,34,1,0,47585.315346399446,1,1
43.167377255730315,68,1,0,102625.14501913999,1,1
3.895418845963325,2,1,0,10218.371974398979,1,0
3.9211487656689354,3,0,0,4994.503818635915,1,0
4.569078376571849,5,0,0,1742.7446244879939,0,0
1.7237705664259608,1,0,0,2244.170099054754,1,0
4.7568706402009795,1,0,0,5510.208931445145,0,0
43.93453086843506,57,1,0,92088.18022884088,1,1
2.6587058769551692,7,0,0,5398.331312932772,0,0
2.497601944089589,1,1,0,6108.395225019591,0,0
19.1521075003046,4,0,6,2005.1964502704986,1,1
1.985629953954577,0,0,0,3434.377454459085,0,0
4.5452931047290965,2,0,1,5422.8246839264575,0,0
1.9479837753542375,3,1,0,3070.4584924746123,0,0
3.2288437681537028,1,0,0,3475.774619846119,0,0
4.949020395830311,1,1,0,6216.033545772101,1,0
1.4645283574501637,3,1,0,5045.290239651092,0,0
3.678500925964708,2,0,0,4890.505810364045,0,0
5.202122733997946,2,1,1,3926.363424314858,0,0
3.43680780169724,2,0,0,2597.2743247767607,0,0
31.18683581258147,1,1,3,198.56275423363604,1,1
2.6219057768949656,2,0,0,5059.590604490594,0,0
4.767277279225777,1,0,0,4350.511313909801,0,0
4.123834390801282,3,0,0,7217.296239888098,0,0
22.159985527771056,20,1,2,65960.52613600742,1,1
46.138315614178836,51,0,1,79452.97168666654,1,1
2.9160818519320975,1,0,0,7235.687460312482,1,0
0.6270712238431511,1,0,0,4611.539121301496,0,0
57.745592286497036,70,0,0,87392.21943474935,1,1
3.06946494719121,3,0,0,4934.2823779922865,0,0
1.235077920856047,2,0,1,4825.553901234224,0,0
2.028810857280721,3,0,1,6110.04244161879,0,0
2.238899135399362,2,1,0,6711.11305634439,0,0
4.794941803480516,2,1,0,2494.113738038516,0,0
4.071594723945989,0,1,0,3415.8586864805147,1,0
2.3464048677498908,1,0,0,3370.9342056441064,0,0
5.216090451255052,3,0,0,6485.191196043335,0,0
21.277668076306227,16,1,0,31357.902630181357,1,1
21.803157596626164,2,1,6,290.934575348037,1,1
13.35754933537902,5,0,7,2050.946072465175,1,1
4.670489560111948,2,0,0,4342.614187476839,0,0
72.0658690735824,63,0,1,75437.04072686417,1,1
1.3815642194270492,3,0,0,4557.236101540184,1,0
5.140477150839704,1,0,0,2561.326405413779,0,0
3.7445145515110974,3,0,0,3363.6778590496747,0,0
2.8727242025069852,3,1,0,3736.0942741364606,0,0
19.99365900043408,3,1,12,1994.1581450650083,1,1
2.5426982055098892,1,0,0,3177.6840882701485,0,0
4.017785927100042,1,0,0,1519.125701783384,0,0
0.21478439708975117,2,0,0,8531.472956982607,0,0
3.626056204547744,6,0,1,4869.575895253825,1,0
13.330544290699054,0,1,11,6140.618826373362,0,1
2.89324951672037,3,0,0,2719.651945783074,1,0
2.859021850823068,1,0,0,4179.061712464821,0,0
1.8825255919115378,1,0,0,4152.63557719546,0,0
1.0864705149931173,3,0,0,6362.146154034613,0,0
23.13236479830416,2,0,5,4442.83594243216,0,1
5.657011863401525,2,0,0,6509.912061212622,1,0
57.41666017677136,79,0,2,70265.64878756943,0,1
4.724065261436727,1,1,0,5865.967056503104,0,0
3.9937891946719204,2,0,0,7641.800413283573,1,0
4.839439433473425,3,0,0,3509.5938350037695,0,0
14.947717923764694,24,1,0,43941.63125734587,0,1
2.7210649842209267,4,0,0,3211.5225234209684,1,0
2.5258126920472694,3,1,0,5601.966916561796,1,0
1.6328345652940646,5,0,0,2637.4590886561687,0,0
3.38473796766531,2,0,1,5257.669796593641,1,0
10.42499783115618,22,1,0,34619.468485036996,1,1
3.3849880960683927,1,1,0,1377.9304854818188,1,0
1.1336911817086959,1,0,0,5183.394354824659,0,0
13.491370791291812,4,1,13,3313.367565951033,0,1
2.576956428315083,3,0,0,2283.31023070187,1,0
0.4001863451865253,1,0,0,5363.649698075135,0,0
3.607473478387015,7,0,0,7137.06925784759,1,0
26.053171427750648,26,0,0,42337.39791131824,1,1
18.62283712344545,5,1,6,3569.292275475148,0,1
2.453342621603308,2,0,0,6128.7573418825405,0,0
1.780538963039729,2,0,0,5901.154852637682,0,0
3.5856823980808237,0,0,0,2127.5386642439903,1,0
4.460841192326102,1,0,0,8446.80879706563,1,0
4.094743183523295,2,0,0,2422.919021735198,1,0
4.421474414772449,3,0,0,5396.33467931997,0,0
28.632495622695025,63,0,2,89406.23972694289,1,1
2.615018825400371,3,0,1,4462.543711349792,0,0
5.475705352661862,24,1,1,32579.3876322947,1,1
14.93376923231775,25,1,0,73051.17018091657,0,1
3.7318250130293498,0,0,0,6860.418413246241,0,0
3.706704440099894,1,0,1,6414.432334797913,0,0
3.840493767348385,3,0,0,6663.001438052466,0,0
17.102968454225252,62,0,0,80333.96986437846,1,1
30.456728089297428,5,1,8,3715.96221484305,1,1
4.80878043133235,3,0,0,7560.26096162,1,0
8.861798932491375,21,1,1,36644.25407376458,1,1
2.8460068634390505,0,0,0,7931.611259740302,1,0
3.2966851229127783,4,0,0,7477.791743552574,0,0
40.81114907967122,59,0,2,111523.72456497399,1,1
1.1750944270658925,2,0,0,8353.735640290126,0,0
6.449383639555979,3,0,0,4051.7221053881676,0,0
5.696391783651472,1,0,0,2869.618692607258,0,0
1.5616760987565017,2,0,1,4678.032053844208,0,0
1.0161883000624816,1,0,0,3395.766917918143,0,0
3.305449768064702,3,0,0,9810.382359854055,1,0
4.4491945215061595,3,0,0,8242.261285612303,0,0
2.2191173807168836,3,0,1,4826.191807009305,0,0
1.628135582508973,1,0,0,7581.12137171177,1,0
7.073204328139543,25,1,0,34575.7793446559,1,1
16.61260624703787,4,1,7,3707.638698905682,1,1
3.748079161604585,2,0,0,4864.305127432671,0,0
0.6481043753542521,1,0,0,5719.026622376498,0,0
3.727640802745669,1,0,1,4792.3854644482335,1,0
4.993440885655484,1,0,0,5375.643298238703,0,0
1.8031758545722574,1,0,0,3800.3444318120623,1,0
3.362489579731257,2,0,0,4747.381297244337,1,0
1.4063783822106553,1,0,0,9184.58635820492,1,0
3.5984728510535184,3,0,0,2939.218255255969,0,0
2.9514943219571768,4,0,0,5063.0944602413965,0,0
2.6968751319158937,3,0,0,5482.618548762472,0,0
2.015917595038549,1,0,0,4787.081993240216,1,0
25.21806201737432,53,1,2,87759.732254196,1,1
3.685384491297931,8,1,11,4221.342838658004,1,1
1.429186859884446,0,0,0,7858.372564169696,1,0
3.7371788849093854,2,1,0,6189.688769081314,0,0
4.578966626423342,2,0,0,2696.604273163498,0,0
4.124648330487185,1,1,0,5157.468286428437,0,0
4.391613599326808,3,0,1,8238.0347012311,0,0
5.0,70,1,4,150200.26725396214,1,1
2.78694058765059,1,0,0,5497.733001826109,1,0
3.5679589857570533,3,1,0,3035.6370473180946,0,0
61.04022794111154,65,0,0,89113.40720103556,1,1
3.5689200515477446,2,0,0,4153.982679182035,0,0
45.78712273585934,68,0,1,116049.84497164737,1,1
2.651811464256964,1,0,0,6082.409933882977,0,0
2.5511029441721154,1,1,0,5745.600513325335,1,0
2.0,21,1,0,24314.109324205805,1,1
3.813292928586384,2,0,0,5363.438242080976,0,0
3.048161510956402,3,0,0,9051.625046472995,0,0
1.8749973956272328,1,0,0,4592.761039843938,0,0
3.352934563754804,3,0,0,4863.491382823767,1,0
2.7605275388669743,0,0,1,5163.643032140185,0,0
4.932666373977378,2,0,0,6016.678236837728,1,0
2.024154569391612,0,0,2,6767.007239409299,0,0
3.81389169493794,1,0,0,4526.188326470691,0,0
3.9469323387578106,2,0,0,5480.7892990724795,1,0
3.3850417485646283,4,0,0,5860.0138889878845,0,0
1.8565148129585216,2,0,0,5833.973896495371,0,0
3.3516466747231464,0,0,0,4779.638156609023,0,0
4.9302633939682545,3,0,0,6254.292608995136,0,0
0.6513613917292282,2,0,0,4132.532952827732,1,0
4.035137122763093,2,0,1,6496.1792887718275,1,0
3.015503344773532,1,1,0,2380.2467649202017,0,0
4.98099248329225,0,0,1,3483.7792027730493,0,0
3.105203277549191,5,0,0,6109.689972769107,0,0
1.6579094715662603,3,1,0,3891.4351043293454,0,0
3.1184830745100145,2,1,0,4300.194208716509,0,0
0.3245833054287246,1,0,0,2514.5334475321297,0,0
0.29571570537317626,3,0,0,4119.230681209468,0,0
0.9751988815564259,1,0,0,4173.429088122607,1,0
5.949191207063386,4,0,0,4755.051677783277,0,0
1.6977098540388302,1,0,0,5152.267813557929,1,0
52.13379302431578,74,1,2,1000.0,1,1
1.2993434618704074,2,0,0,5199.704861566264,0,0
1.0905713568904014,0,0,0,5939.641407227043,1,0
2.494012256897241,0,0,0,6932.9643078427425,0,0
3.656268372929805,2,0,0,2650.504482563073,0,0
2.4499818095242167,3,0,0,5796.791259310806,0,0
32.521207482156576,70,0,0,113803.25113177266,1,1
16.316575291745615,16,1,0,10709.578427139528,1,1
1.4647537610672026,1,0,0,5077.699371181036,0,0
4.7384243735653495,1,0,0,4509.525995841966,0,0
82.78134436327778,74,1,0,85232.04991484154,1,1
18.99243492559867,2,0,10,2784.520580926357,1,1
16.647822844425477,32,0,0,45392.65067838761,1,1
7.547084199401528,3,1,6,3933.1926909806853,1,1
0.7937905582460134,1,1,0,4676.205661487169,0,0
1.1108803999408,2,0,0,5624.491677448796,1,0
3.322953944912268,2,0,0,7585.188207778148,0,0
1.2166797696035925,1,0,0,5214.793148772728,0,0
3.6431346576924204,1,0,0,5709.939905006751,0,0
2.186163269832263,1,1,0,5583.590923160618,1,0
1.0828674559322948,0,0,0,5629.326858321137,0,0
2.554014955953547,4,0,0,5968.606551197755,0,0
7.576580431668001,2,1,8,2002.1217280409737,1,1
46.70202194938579,51,1,1,98337.34041825282,1,1
4.598527762080072,0,0,0,5206.54076086121,0,0
2.016384806351529,1,0,0,1747.1881450287324,0,0
25.00568347922783,4,0,12,7000.431595367352,0,1
24.29783362767627,1,0,6,3450.046009361794,1,1
3.1613012700804517,4,0,0,5359.186468155569,0,0
3.512333326410764,1,0,1,6645.698196739171,0,0
3.5770849718778512,2,0,1,2517.032999018094,1,0
1.7604852347566378,2,0,0,3876.863923316645,0,0
46.45426869268451,55,1,1,49654.649123928524,1,1
2.935299615538639,2,0,0,4238.959449835265,1,0
3.329995025957648,3,0,0,4464.384958897459,0,0
23.13709180873213,61,0,2,69087.16483078085,1,1
2.4037749976058533,2,0,0,6856.2956168340515,1,0
2.1572901847116155,1,0,0,3983.4354694888034,0,0
0.1,3,0,0,8508.026553452306,0,0
2.0206257830029317,4,0,0,5565.285478260316,0,0
4.243681606599079,2,1,0,4359.156302131346,0,0
0.9480865839272057,2,0,0,3192.308919327058,0,0
0.1,2,0,0,3326.8303761428997,0,0
3.2247636209809203,5,0,0,6395.355011273663,0,0
3.504874689908152,2,0,0,6041.316784803586,1,0
2.5219903641347936,1,0,0,6932.559102382349,0,0
0.7970408545270624,3,0,0,3809.6192825438193,0,0
19.760146569969194,1,0,9,2192.5325503208833,1,1
1.3597929443070256,1,0,0,3635.0765535276178,1,0
2.8557315946150017,1,0,0,2039.1996093406583,1,0
2.9240578304145135,2,0,0,6961.398459500719,0,0
2.9689404538406494,1,0,0,6506.05201166766,0,0
12.812380595779242,4,0,8,5831.163903979563,0,1
4.911670825411859,1,0,0,6078.678137461735,0,0
2.904368602514028,0,0,0,5378.435158754201,0,0
4.5673092186816415,2,1,1,5766.576354037274,0,0
9.494278802639817,3,1,8,2617.524834092824,1,1
20.21210873603061,3,0,7,5173.141369471723,0,1
4.48437590189228,2,0,0,5452.546605913692,0,0
4.821284743392752,2,0,0,3697.5935350928767,1,0
5.417865716201235,1,0,0,7357.178306671922,0,0
5.360032353712864,1,0,0,1915.9959204285242,0,0
2.3661585258018807,2,0,0,2975.404241043907,1,0
3.993998955578226,1,0,0,7122.115684709055,0,0
5.497164088122407,3,0,0,3309.154814853131,1,0
62.82925417583395,57,1,0,72732.80494005326,1,1
17.05258512423573,1,0,4,2520.764594032949,1,1
1.8671708708744692,2,0,0,2041.8603641070213,1,0
3.811697416206797,2,0,0,5244.117128911173,1,0
1.985974041477947,2,0,0,4321.893077741133,0,0
3.1972287252081784,3,0,0,3167.2972737595665,0,0
13.907906897633833,30,1,0,34969.87628783021,0,1
1.9623453854965303,2,0,0,4572.106239195534,0,0
5.887519202603778,2,1,0,4112.1759962128335,0,0
18.658872379674126,6,1,9,5971.146175726373,0,1
30.819150173132506,1,1,8,3122.00797237204,1,1
1.3475672556386071,1,0,0,5313.824924538781,0,0
0.3649173262821259,5,0,0,5725.859477913726,0,0
4.158809711374142,1,0,0,5761.47880429252,1,0
1.7019857518472488,0,0,0,5397.073260225366,0,0
34.10977531767772,55,1,1,68663.44298580562,1,1
2.4444440855083394,4,0,0,6188.065855123908,0,0
5.080489094863257,1,0,0,1721.2302118303155,0,0
4.4990044987117335,2,0,0,2993.3728303293065,0,0
4.213681966485366,3,0,0,6662.918839018132,0,0
1.7722535963844226,1,0,0,7393.059735958609,0,0
27.103861611811855,56,0,2,74157.24601811318,1,1
1.6187244032863086,3,0,0,1735.3514001069993,0,0
1.1477803696327822,4,0,0,2681.9448934784223,0,0
4.650556021045835,3,0,0,3528.250053351588,0,0
3.0617700305237663,2,0,0,4306.133953790855,1,0
4.307901549779176,0,0,0,2065.2944485102994,0,0
3.4159342968162703,0,0,0,7715.8710042048315,0,0
1.5032220251339614,1,1,0,5151.727778186833,0,0
1.324008596923088,1,0,0,7248.1123358539335,0,0
2.6922574667009336,3,0,0,522.125534132063,1,0
2.477445955148892,2,0,0,1681.5487106065193,0,0
4.78739042127385,3,0,0,1730.0251769184347,0,0
4.5387552643278575,5,0,0,5112.911133084547,0,0
5.406381542275712,3,0,0,5800.529310120619,0,0
0.1,4,0,0,7744.672541909367,0,0
2.5495376126455302,1,0,1,3269.884265385014,1,0
1.8213055959258404,3,0,0,3334.1180060407205,0,0
4.844063576475157,1,0,0,3540.402490120454,1,0
39.20590933235593,49,1,0,48806.71799146008,1,1
2.4789257496022024,2,0,0,2328.6457087212893,1,0
43.96797344771586,65,0,2,94449.85267495188,1,1
3.170699348010445,1,0,0,2544.4639882093443,0,0
0.8673568964293268,1,0,0,5858.405686292473,0,0
4.208517958863752,1,0,0,3203.6497024165824,0,0
2.493855368840738,0,0,0,1945.3989191463183,0,0
1.4514044706677287,0,0,0,1398.2242459369477,1,0
4.3791355149704785,2,0,0,7660.471798221104,0,0
0.9034707553223944,2,0,0,6414.499479480558,0,0
9.816166611131312,20,0,0,41594.088402835514,0,1
3.258881876583179,3,1,0,4893.949052886105,0,0
24.944743626743893,2,1,9,2679.0453438612144,1,1
3.6531875039361266,2,0,0,4781.216450687951,0,0
3.3280328950935196,2,0,0,6125.140863855484,1,0
2.9394864201989814,3,0,0,6286.884911182694,0,0
19.019659708021504,1,0,11,1909.9122369160216,0,1
3.340179069163703,0,0,1,6692.6129168442985,0,0
6.740890508591984,4,0,0,7954.450900509783,0,0
2.6823992961834087,2,0,0,5570.101639615142,1,0
3.3921306190949525,6,0,0,5693.855787873387,0,0
2.340018443205437,0,0,0,3673.38900577691,0,0
3.924353094829969,1,0,0,6253.418265078506,0,0
1.314042356355849,0,1,0,2453.2862484916727,0,0
6.0198696821919,3,0,0,9504.885959336949,0,0
14.720457160750216,27,1,0,25643.866552678137,1,1
3.6816305073215445,2,0,0,4445.561114197845,0,0
30.139922833103576,4,1,7,3191.9696329621843,0,1
5.630536540051621,0,0,0,4737.207324469473,0,0
0.1,3,0,0,5329.232589791044,0,0
2.382375873473026,2,0,0,2079.392590995971,0,0
2.7392434498580753,1,0,1,5451.585901357933,0,0
3.152730919654948,2,0,0,3026.326030887843,1,0
3.5106606652523182,2,0,0,3443.3771088896065,0,0
3.6878387043182532,0,0,0,9557.995888621714,0,0
0.1530967222477555,4,0,0,4015.5867433790345,0,0
3.0,3,0,11,4680.843671062063,0,1
2.260167231741134,1,0,0,7569.5676082155405,1,0
3.7162940059001928,1,0,0,6245.500530125183,1,0
16.408726957388026,2,0,6,2184.676443957508,1,1
2.8863427853102634,4,0,0,8918.334323283929,0,0
19.88313107965619,19,1,0,52476.60644946565,1,1
3.2117535282489604,4,0,0,3054.719981855973,1,0
3.268111444929491,3,0,0,4092.5404334703903,0,0
3.620688475785321,0,0,0,4071.3692108969162,0,0
3.4462666067783325,5,0,0,5418.19261554013,1,0
5.551189137642475,1,0,1,5914.1687139365185,0,0
2.026410370438081,6,0,0,4298.870163393295,0,0
10.89119935353752,25,1,0,14784.961319974638,1,1
4.54035861948093,1,0,0,6244.39327221591,0,0
4.269875978765106,2,0,0,4858.046530985222,1,0
11.13385214272389,4,0,5,3120.088151724408,1,1
1.4293624188503182,1,1,0,5597.482470581554,0,0
4.934894547927361,3,0,0,4038.0260331972972,0,0
17.913660306400637,5,0,6,3109.2692635584262,1,1
2.4735714266730326,4,0,0,6344.950357938183,0,0
4.253065490853347,4,0,0,7730.872818989403,0,0
0.39808275459420717,4,0,0,6581.577042368064,0,0
6.720697317137521,23,0,0,57955.48016049758,1,1
3.8739828629815607,2,0,1,4530.043971013166,0,0
0.5774236641228185,5,0,0,8120.805598337264,0,0
2.4302902323151576,2,0,0,8118.559774589385,0,0
1.884617656781154,0,0,0,2156.544529013245,0,0
21.32393275111145,24,1,0,21050.62627087358,1,1
0.1,1,0,0,9822.982220923797,0,0
53.79126922345546,59,0,3,116696.24730102497,1,1
17.581267634977355,6,0,7,3719.4552830562357,1,1
11.75586466677358,33,1,1,66900.9722661722,1,1
2.1345054429336994,4,0,0,7937.503797894056,0,0
2.9251111335206206,1,0,0,1547.6111577520796,0,0
2.9666283077261837,1,0,1,4668.811729293627,0,0
1.2144847677474448,1,0,2,4395.23006249393,1,0
5.6734406890570686,4,0,1,3698.166774520862,0,0
2.7682414811251492,2,0,0,7042.378987602304,1,0
0.9404954746716911,0,0,0,2712.2674852861433,1,0
2.018575084968667,1,0,1,3908.664640821058,0,0
59.65283705363584,45,1,2,47328.44205920199,1,1
3.587244056022161,3,1,0,6165.288593718018,0,0
2.3907995317935216,2,0,0,5348.466760594971,0,0
3.1607326092589854,3,0,0,6516.785048926977,0,0
4.0235887647191895,1,1,0,6168.961640939804,0,0
31.366607357180353,26,1,1,31839.01092390434,1,1
6.93972736355535,1,1,0,5552.49792318776,0,0
4.3336909762905105,2,0,1,7280.401221525406,0,0
3.516907357125536,3,0,0,6067.701386041943,1,0
6.496537007337105,2,0,0,100.0,1,0
6.278795649626438,3,0,0,5778.299387060497,1,0
23.061248395685034,1,1,12,2679.02202739687,0,1
3.0806288444857532,2,0,0,4698.739229636008,0,0
2.5593316197718052,1,0,0,5770.19060706049,0,0
3.965908189915287,2,0,0,3110.5047831778693,0,0
20.032547958324695,28,1,0,45274.98978415715,1,1
4.706935154100073,3,0,0,5468.285217362356,0,0
2.5325408490754198,1,0,0,2912.4855453375635,0,0
4.108989038512355,0,0,0,4088.395187202983,1,0
2.4947520485391106,4,0,0,6303.819265208762,1,0
1.9453963786532968,1,0,0,6033.134099506677,1,0
2.24945838390465,1,0,0,4747.387382062977,0,0
3.9094367341630623,0,0,0,2717.2488490342444,0,0
0.1,1,0,0,208.1193077998705,0,0
2.1778906001327654,3,0,0,6700.734566290848,0,0
3.0974146313261137,0,0,0,6684.938487043427,0,0
1.9674415766538609,1,0,0,4020.413784928968,0,0
3.4707285301606827,0,0,0,2756.2365068621757,1,0
19.195032515610762,29,1,0,34671.00053810922,1,1
7.267941592361458,5,0,0,4585.466623454436,0,0
2.2159219557454795,4,0,0,7119.6299921241725,1,0
66.36382586448117,62,0,1,55598.34382155588,1,1
4.103600040420246,1,0,0,5869.528384979091,1,0
25.657384530680666,3,1,8,5374.390386234859,0,1
0.9616841311154767,1,0,0,2755.7853254704323,0,0
1.4139198830050812,4,0,0,5924.985309143981,0,0
13.939112529416992,19,0,0,51759.7599496864,1,1
3.1293807543375083,1,0,0,3354.9747422188157,0,0
2.9579733226563842,5,0,0,894.5769616223279,1,0
2.087628079201324,6,0,0,6758.410220735197,0,0
1.8064817374941202,2,0,0,6419.594288195989,0,0
4.622062190905719,1,0,0,3245.351609731518,0,0
3.6638184363060793,1,0,0,5361.9281778449795,1,0
2.5828555605181363,1,0,0,6280.771801173397,0,0
8.40718447153628,33,1,0,32836.26133719107,0,1
2.8949807117807995,2,0,0,3465.586273143338,0,0
26.052763179238923,2,0,8,4297.517966605205,0,1
1.0844753325446579,2,0,0,4867.3901424199385,0,0
1.964826688272081,1,0,0,762.8760270557914,0,0
2.508490358457059,4,0,1,6000.3473448858695,1,0
2.9479811249721153,2,0,0,4164.356114344878,0,0
13.03766064703303,35,1,0,53451.235826144424,1,1
0.1,0,0,0,7046.367337053921,0,0
3.4954349184248876,2,0,0,2055.698226539839,1,0
4.66495446465855,1,1,0,5065.165359686046,0,0
3.322647203728554,1,0,0,2506.891397551591,0,0
2.387740236016569,3,1,0,7360.464285180127,0,0
2.7680838620701365,1,0,1,5003.474251781365,0,0
1.0638801946265724,1,0,1,4395.031641516144,0,0
30.839964428841643,59,0,1,79566.93564958649,1,1
16.9200513105952,28,1,0,42503.07577621935,1,1
3.9649901920335666,2,1,0,4648.325195712417,0,0
20.35401632486148,2,1,12,1865.911861178149,0,1
2.842562765999741,2,0,0,5273.206151545758,0,0
0.1830168510511383,1,0,1,4863.729740805075,0,0
2.958026315204673,0,0,1,5582.46608919693,1,0
15.920068831086443,19,1,0,27030.179327091435,1,1
4.9832038411177155,2,0,0,1029.0690681689598,0,0
3.9412408450077665,1,0,0,5079.762486353336,0,0
10.702897787403279,5,1,6,1862.0173914287973,1,1
2.352990842640734,1,0,0,3846.246782042866,0,0
6.464766633135117,5,0,1,7403.695204157548,1,0
4.286963821885731,0,1,0,4579.201232187203,0,0
59.79372334893182,54,1,0,60580.46006642093,1,1
2.3068093872413318,1,0,0,3702.454330654168,0,0
3.8226418812446994,0,0,0,2905.548103643052,1,0
0.43616084413476663,2,0,0,3372.7405767291984,0,0
1.0159505814683965,1,0,0,3818.5807864690187,0,0
33.08898569113601,59,0,2,98658.6363564635,1,1
1.791422750080812,2,1,0,2756.6612142023473,1,0
7.370793699010994,3,0,0,5619.795604480649,0,0
15.793549743358545,1,1,2,2100.033364797502,1,1
2.8682464820944507,1,0,0,4045.9823829911484,1,0
52.32758352079896,56,0,1,90783.50268663808,0,1
27.33203204557849,2,0,10,2054.8740139420934,0,1
3.762118657798598,1,0,0,5755.007172702781,0,0
4.616765033617773,3,0,0,6389.354374237403,0,0
5.2745529700880045,2,0,0,8621.209886288256,0,0
1.1264100439829208,2,0,0,8051.35633768379,0,0
1.360657138351876,0,0,0,5366.242360710414,0,0
0.1,2,0,1,7318.808963896082,1,0
1.6468332927284233,4,0,1,3633.167135103189,0,0
2.2616293668519205,0,0,0,3571.809611347581,1,0
16.28756512256345,3,1,6,4136.5186303207065,1,1
1.078396189731252,0,0,0,4747.393658862345,1,0
4.723113524734114,1,0,1,2197.498152067628,0,0
2.1998214792529134,4,0,0,3482.2267842047795,1,0
2.8032937046949824,2,0,0,7051.592296291841,0,0
1.22778139810677,2,0,0,4027.281365647519,0,0
4.493908027233387,1,1,0,3662.553183472396,1,0
13.171364706987553,2,1,7,978.1981872640652,1,1
1.0179538925320961,4,0,0,6134.939227992963,1,0
0.6193525488026372,1,0,0,5062.434416293792,0,0
2.20812354401353,3,0,0,8406.528578107731,0,0
3.0188677535277497,0,0,0,8600.653024123374,1,0
4.1572998896428786,3,0,0,5922.333529547022,0,0
2.9041941223132612,1,0,0,6183.587319983293,1,0
2.0,28,1,0,14768.128889536223,0,1
2.7620477444419675,1,0,0,2843.331117782373,0,0
2.674160762671985,1,0,0,3799.086467364249,0,0
5.665774260386586,2,0,0,5514.039703792429,0,0
0.36528491888052894,1,1,0,2567.6184456128694,0,0
4.663754717238197,0,1,0,6943.199605239125,0,0
3.7211199883588635,1,0,0,7772.220869479526,1,0
1.7315084508489793,4,1,1,5130.135051724808,0,0
0.1,2,0,0,6632.002156707067,0,0
4.347832920213924,5,0,0,3850.2151628913693,0,0
4.622175704442798,1,0,0,8086.444244970162,1,0
2.905879974046987,2,0,0,4184.962715057977,1,0
1.7905772689729738,1,0,0,5270.013602819904,0,0
2.6588690538665154,5,0,0,5638.744064876535,0,0
5.1346427242674295,2,0,0,4783.522267915617,0,0
5.34215730270536,4,0,0,10392.75952511029,1,0
2.2058408589508893,2,0,0,5100.488796416494,0,0
28.88900328720187,5,0,9,5906.132302167,0,1
3.6028924246182186,1,1,0,6592.938691441571,0,0
5.6650797706764315,1,0,0,3049.987072843097,1,0
1.8717586978987195,2,0,0,7258.082666532696,0,0
6.9521111316225,3,0,0,3646.8858616814086,0,0
2.4252190182960183,1,0,0,8318.430819948047,1,0
4.315725715021667,3,1,8,2637.563121223808,0,1
23.605680793982355,4,0,9,1744.954011695079,0,1
3.4340387354356667,1,0,0,6214.782853596644,0,0
3.9753735083675465,2,1,0,3557.628122112645,0,0
52.789339216397345,60,1,1,62015.9769290174,1,1
3.020063719073794,0,0,0,4937.7592369687045,0,0
9.055750941833825,27,1,0,26720.897881203244,0,1
21.40917253874042,5,0,8,4751.047231898666,0,1
3.083909025198601,4,0,0,4149.732167835525,0,0
4.525465572356784,1,0,0,3306.694926903435,0,0
5.591127429942151,0,0,0,3093.9491024759127,1,0
2.125327391545963,3,0,0,6250.267535857248,1,0
28.38062863196318,56,0,0,75116.70530855817,1,1
15.726616537840743,1,1,9,2748.3065728211855,0,1
1.7324320080462734,2,0,0,5585.364263869028,0,0
3.7900470631568646,6,0,0,2629.9573753510062,0,0
52.34947585882226,44,1,1,74333.35974487133,1,1
6.047100247167754,3,1,0,9932.227625102352,0,0
28.7879582638214,4,1,7,5320.485355700832,1,1
13.911603577123623,26,1,0,30492.28970294141,0,1
3.833868046949164,2,0,1,2765.478655128881,1,0
4.542080348098775,4,0,0,4372.022001788585,0,0
5.496349877246457,1,0,0,5933.106643873893,1,0
1.032295251334183,5,1,0,9109.982200545533,0,0
2.916819937788128,3,0,0,5862.383410745748,0,0
2.669015890138076,1,0,1,4878.8535938463,0,0
0.9997885218986982,2,0,0,3464.8938911407217,0,0
3.190300464443764,3,0,0,7213.015996729091,0,0
1.6417814169599088,1,0,0,3396.318574362655,0,0
16.736804183066894,4,1,13,4628.808993744389,0,1
5.506681842844871,3,0,1,3770.357345037877,1,0
30.726314175794904,41,0,0,60153.474827614176,1,1
15.20076828204631,16,1,0,52814.32254837772,0,1
28.346087647540713,5,1,8,4340.156107856519,1,1
2.730721180076099,2,0,0,8187.093584384111,0,0
20.820687550014217,3,0,7,2588.8125804736806,1,1
4.031641697399809,3,0,0,4293.667369286211,0,0
4.472219623962173,0,0,0,5942.648763459045,0,0
3.7399016907586486,3,0,0,7342.526452305103,0,0
9.554880530664782,26,1,0,30452.692221984365,1,1
8.047257577335388,3,1,7,2875.747844698833,0,1
5.366652307397829,4,0,0,4046.494026997464,1,0
5.193532895210041,1,0,0,7382.491894392583,1,0
22.729307686967598,3,0,7,4329.350339034085,1,1
2.890172514024268,2,0,0,4542.897486055173,0,0
0.21263600683119677,1,0,0,2387.0141262028064,1,0
3.444150884434906,3,0,0,5817.677235881572,1,0
2.3408047299796646,2,0,0,6084.668806012107,0,0
4.397359519311366,3,0,0,5596.299628719606,0,0
2.071580171112955,4,1,0,6239.512674395254,1,0
5.558779020816846,0,0,0,5380.143240988248,1,0
0.1,2,0,0,6027.469621450851,0,0
3.452328460219356,3,0,0,7007.683900822985,1,0
3.7164160946351554,3,1,0,3698.465924163964,0,0
3.876253610028435,3,0,0,4506.579903854555,1,0
4.832592999326389,0,0,0,7475.453963067503,0,0
2.933345748443468,0,0,0,7442.093604302569,0,0
3.335951142560172,2,0,0,10846.916155631086,1,0
1.0963655777102814,2,0,0,4859.251631353038,0,0
0.48797558294346466,0,0,1,4997.350536546593,0,0
2.7375479449287328,3,0,0,7041.914709385589,0,0
23.10870075069024,2,1,5,4495.670744694267,0,1
5.362624241413096,0,0,0,6774.7432209662875,0,0
0.3485668305909284,1,0,1,2477.7939328040675,0,0
0.12665225329650864,2,1,0,4387.708840438665,0,0
3.324307014484032,3,0,0,4979.076441860321,0,0
2.5598953634040393,2,0,0,6757.555449924956,1,0
2.865403845132572,3,0,1,6155.264582401808,1,0
25.177109721046108,3,1,6,2817.0680984592827,1,1
4.585783905362049,3,1,0,9933.28521555477,0,0
1.2547893003115935,3,0,0,5199.608001409625,0,0
2.390377475423077,3,0,0,4782.588063084471,0,0
2.8681848863765693,1,0,0,5765.91068692432,0,0
0.9329860847282005,1,1,0,633.6063090936022,0,0
1.2570983904298685,3,1,0,4180.111960261168,1,0
0.1,0,0,0,4151.23003669677,0,0
5.598467408114916,3,0,0,5321.602291708199,1,0
13.463564354244923,2,0,3,1704.6846049021465,0,1
1.8924351286843377,4,0,0,6041.549543770219,0,0
4.169294131157176,2,0,0,6336.411862197887,1,0
4.403320688197724,3,0,0,4474.783983811981,1,0
2.926922397104823,2,0,1,7095.269754210292,0,0
3.7277973472165606,1,0,0,2369.0554400237743,0,0
2.2133776605434354,1,0,1,2223.3155047289456,0,0
1.5487648839371482,2,0,0,4646.48299129634,1,0
1.4206522339440766,0,0,0,8017.976447623545,0,0
4.083302563449687,1,0,0,5255.417010739788,0,0
2.734711209640806,1,0,0,5530.1669012433385,1,0
5.181075272186187,0,1,1,5033.043207453158,0,0
2.8600520255197623,1,0,0,1031.2482570971856,1,0
2.264792477640931,2,0,0,6165.480929307926,0,0
2.8732201777327897,2,0,0,4611.943721098238,0,0
1.010410923390654,3,0,0,1708.2710499176192,0,0
2.6314188395067015,2,0,0,4040.669031508483,1,0
2.749608104837152,3,0,0,2883.3549422845267,1,0
4.1091190084514215,1,0,0,3913.903620504854,1,0
2.674284580385529,2,0,0,4331.742920094683,0,0
19.160264345075028,18,1,0,38015.864913666715,1,1
4.2251638008011865,0,0,1,3262.2390932522594,1,0
4.959002612560237,2,0,0,6477.58477051971,0,0
23.521644169931694,64,1,2,112879.63546735985,1,1
6.31596131608986,1,0,0,8065.489585521815,0,0
2.567571812809022,4,0,0,6672.068347854582,0,0
43.90655992308904,67,0,2,68927.62476419118,1,1
4.786714429633298,2,1,0,1744.8682510619155,0,0
2.3275653395336495,2,0,0,7052.719316771665,1,0
18.579674132393965,4,0,4,3680.1004626105514,1,1
2.80337002396841,1,0,0,8218.819335572722,0,0
2.8447675979010585,3,0,0,5343.640390851161,0,0
3.054089890196693,1,0,0,6490.756712582855,0,0
3.9562063539766825,2,0,0,7195.612732695854,0,0
4.785901018301878,0,0,0,2994.1410904269646,0,0
0.9477612011315024,1,0,0,4108.5864863370425,0,0
3.5025635513061197,2,1,0,8717.891179667815,1,0
2.633836922216848,3,0,0,5559.56934058781,0,0
5.118769604941509,1,1,0,8807.813059069784,0,0
1.917662949685729,0,0,0,4910.167145165181,0,0
3.1099129718785448,1,1,0,6675.262620982384,0,0
33.73723540324982,68,0,1,40285.20186432697,1,1
1.7858194063540087,3,0,0,4297.302685065128,1,0
4.132877663964151,1,0,0,10340.06207694894,0,0
3.3566034034984167,4,0,0,8037.596419801932,1,0
4.026056869676072,2,0,0,1756.0946985225441,0,0
2.664211774679251,2,0,0,6142.6099068724725,0,0
5.043963959705012,2,0,1,3822.2787910324682,0,0
4.282028595203343,0,0,0,5155.661550320506,1,0
3.4873270782368766,2,0,0,7487.552785255615,0,0
5.324835849193689,1,0,0,5813.163470357234,0,0
1.88085261502123,3,0,1,6194.273053544781,0,0
26.930679994766457,55,0,0,64078.77403462035,1,1
1.7499467910758915,1,0,0,4388.634990946078,0,0
23.475681737996712,28,1,0,38783.238610143206,0,1
3.8348001641268947,2,0,0,713.6319464202461,0,0
3.554558888458695,1,0,1,8162.6172749149555,0,0
2.7839585099179853,1,0,0,6701.61877474671,0,0
2.992317199919893,0,0,0,3004.143083485392,1,0
3.9362764087042987,3,0,0,3264.1201523858504,1,0
4.230792713126128,0,0,0,4877.816440710099,0,0
1.7566872557995927,4,0,0,5301.912566247853,0,0
37.04152107426044,76,1,0,92768.62741341739,1,1
8.502735283653564,3,1,6,4350.8438793717605,1,1
4.17703307419753,2,1,0,5383.500108856181,0,0
2.1593267853084406,3,0,0,8846.779936712115,0,0
10.891156218412824,23,1,2,45971.784896331315,1,1
5.771737519434068,1,0,0,5077.39343510124,0,0
2.6676958264037993,0,0,0,6056.549972749697,1,0
3.674967512019822,5,0,0,7816.045066355175,0,0
17.93283143595275,22,0,0,47916.02649456651,1,1
3.0061993239822993,1,0,1,10372.271212744625,0,0
1.2602410713495522,0,1,0,6299.350065984128,0,0
7.214353455144588,2,0,1,4567.846443975069,0,0
4.241982265195588,1,0,0,5259.960093034692,1,0
4.139077813246114,3,0,0,4309.335408994457,0,0
20.678810686044198,4,0,9,1933.277514977206,0,1
0.8309132184173182,1,0,0,2349.2369948544647,0,0
5.425311597747911,2,1,0,8062.317044136374,0,0
2.272515413607414,2,1,0,2499.4860717355464,0,0
1.1285583012843112,3,0,0,3087.369286528701,1,0
4.763259864763169,1,0,0,6602.212789749585,0,0
3.2482731930251436,1,0,0,2276.9476382436196,1,0
26.426039638887232,3,0,6,2957.719976967501,0,1
3.7259734409272904,2,0,0,6780.789859500859,0,0
2.826294735042351,2,0,1,6104.901493768005,0,0
4.590490807169541,0,0,0,5157.702151503439,0,0
1.3412472267718232,4,0,0,8130.51941068578,0,0
20.80844715069673,27,1,0,62828.77248871501,1,1
3.6795281344682573,1,0,1,4469.511970292804,0,0
2.5240699121213392,0,1,0,5977.6590924594,0,0
5.305448480876467,4,0,0,6046.111357678515,1,0
36.14931503091824,54,1,0,39266.00924789179,1,1
11.639965817929319,4,1,6,6769.284713156312,1,1
12.296772825245395,7,1,9,4451.871839196539,0,1
46.10196449047169,60,0,0,80006.42365247023,1,1
1.9526678104011412,1,0,0,6377.622001630001,0,0
2.9893247173072264,2,0,0,7217.679002732859,1,0
6.160327099917219,0,0,0,9120.14028922611,0,0
1.9095084413889796,2,0,0,5904.428328323977,1,0
12.706442244520925,34,1,0,20597.56846222971,1,1
7.05597766091908,4,0,0,5994.278837179328,1,0
0.1,2,0,0,100.0,0,0
2.7734221835896062,3,0,0,1452.1012811639857,0,0
2.5059126938809584,1,0,0,3481.396793270692,0,0
3.4348282138776014,4,0,1,4295.344293326802,1,0
1.113926287527945,2,0,0,6407.6152986027155,0,0
1.488160575564683,1,0,0,6212.39619989553,0,0
2.510634477564258,2,0,0,5851.1740145542635,0,0
1.8378420066324597,1,0,0,1634.2873238408492,0,0
3.745741116080646,0,0,0,5427.4262148377475,0,0
2.0154436596778367,3,0,0,5212.94663657185,0,0
2.6858867594405877,1,0,0,2860.321729677824,0,0
30.904131949788823,55,0,1,50660.17003087042,0,1
20.865576682068024,1,0,10,4364.780001967934,0,1
18.81149176982874,29,1,1,46750.91432538749,1,1
13.984404108934724,11,1,0,42458.31623027443,1,1
3.6050643637900874,2,0,0,8042.354756958115,0,0
3.738445367907055,2,0,0,6334.933931068077,0,0
3.784265641123546,0,0,0,4510.462373835362,1,0
6.905439448125615,2,0,0,6713.4173619965395,0,0
2.536990416680381,2,0,0,3145.8143392683714,0,0
4.002626527929014,1,0,0,6693.522080893432,0,0
46.63391806895477,67,0,3,27517.063950547294,1,1
4.000244696759337,22,0,2,32867.69481054119,1,1
1.5222629515337605,3,0,0,4184.31275132863,0,0
3.106492073137422,2,1,0,3895.1995644940994,1,0
2.8636936055610556,3,0,0,3332.5362464440495,0,0
11.853645199587442,3,0,3,4446.272827717624,0,1
3.4217597484652194,1,1,0,4351.918123933403,1,0
4.57778229079128,3,0,0,3858.8488394985156,0,0
2.079034797910654,1,0,0,3193.8613620358897,1,0
6.561909825039647,0,0,0,3142.649071072362,0,0
3.6722132169400594,5,0,0,2098.97000605971,0,0
1.195955121148455,3,0,0,3336.4330962843605,0,0
4.935845643481761,3,0,0,8925.847087942053,0,0
2.6076571484003974,0,0,0,4036.912987988814,0,0
0.1,2,0,0,7603.913078952066,0,0
2.930119094490991,0,0,0,6349.267408662867,0,0
4.5590535673778305,2,1,0,5384.904729433364,0,0
4.047849518057258,1,1,0,100.0,1,0
4.37446716161185,0,0,0,5968.275954188556,0,0
3.351601339048044,1,0,0,3463.6538109828134,0,0
2.618087745350955,1,0,0,6595.988550614209,0,0
1.958935014213537,2,0,0,5282.77407466559,0,0
0.8922534589845594,3,0,0,2886.2260379970157,1,0
1.1290237954587465,1,0,0,1761.417236141157,0,0
5.187256211218664,4,0,0,4632.753393795557,0,0
15.673035709668106,4,1,10,1439.15135220803,0,1
17.234063140470848,29,1,0,45159.67864712812,1,1
0.9809080082325181,5,0,0,2725.6397024057414,1,0
3.4529561137789067,2,0,0,2803.638568212894,0,0
1.077223128407002,3,0,0,6886.42113089446,1,0
1.9516043571318806,1,0,0,4437.036530651212,0,0
4.92418928415407,1,0,0,3468.9092923409507,0,0
3.735910353683832,2,0,0,4400.8572128649785,0,0
5.7618834216403565,2,0,0,4877.6021458963205,0,0
1.3491520004547723,4,0,1,2573.945424291307,0,0
1.1701863827377177,4,0,0,6773.091228687449,0,0
4.700520718135053,1,0,0,4703.685730664259,0,0
3.992067284837562,2,0,0,3905.1455358257062,0,0
4.3902838703648115,2,0,0,4421.816578925697,1,0
2.7989591687859514,3,0,0,6507.8819478627875,1,0
3.5927142285475884,1,0,0,3401.498055259567,0,0
1.9556819226301503,1,0,0,3769.857615591157,1,0
0.7847132747314021,3,0,0,6826.339774614517,0,0
2.0692220690270076,1,0,0,4287.01227953376,1,0
5.926518840189449,2,0,0,2190.964214856883,1,0
1.9134862208876984,2,0,0,6515.353562603572,0,0
17.91377791340926,29,1,1,58979.867522227534,1,1
0.1,1,0,1,3786.356428574975,0,0
3.7012640133780685,0,0,0,5020.409704211317,1,0
4.840411314653908,1,0,0,3677.4073851531844,0,0
2.4664525266434483,0,0,0,4286.052348045889,0,0
5.755370292481971,1,0,0,7241.398628673423,0,0
20.629120208545736,2,0,9,197.66626215695715,1,1
2.7712162013214616,2,0,0,4209.815882681877,0,0
19.895198277049378,29,1,0,8317.88470889549,1,1
1.9828927072597513,2,0,0,9446.207829471668,1,0
2.347950789415299,1,0,0,6928.007622888995,0,0
41.238366828554945,61,0,1,17438.883763800863,1,1
1.6234365382496108,1,0,0,4636.728692546819,0,0
4.143223862938029,5,0,0,3727.147106839866,0,0
30.07407488439357,60,0,0,71729.6231697426,1,1
64.66315232973118,54,0,2,92079.6771262741,1,1
25.110435333541123,4,1,8,3088.495618794737,1,1
4.014921827664788,1,0,0,10610.624096206197,0,0
4.627930506668865,0,0,0,1430.3357221327974,0,0
2.9123831342119764,1,0,0,5382.638873860949,0,0
2.4170502283997726,4,0,0,7214.590586397362,0,0
38.47394371603728,58,1,1,65135.66733864037,1,1
14.718543431398194,16,1,2,57991.15531593026,1,1
2.3128772974978085,0,0,0,3474.9978340673642,1,0
41.87768364375262,46,0,0,117018.77716011988,1,1
6.630622518371103,2,0,1,5549.717007982387,1,0
3.7629893145271485,2,0,0,1878.0100221326006,0,0
1.8503072487034964,4,0,0,1517.6135638162827,0,0
1.1581266739622351,0,0,1,3576.574117947541,1,0
3.616473865351313,0,0,0,7129.451733768912,1,0
2.6393442043944857,0,0,0,5498.02141484919,0,0
1.2586320654198917,1,0,1,4438.887856984931,1,0
1.5323386799378482,3,0,0,5113.198899934353,0,0
5.713371813124156,3,0,0,4695.711654199782,1,0
29.51887081283957,0,1,6,1725.733413180941,1,1
0.25364126122870445,2,0,0,8524.402897580361,0,0
6.797857016613266,3,0,0,8180.9314403154485,0,0
2.08764040599407,1,0,0,4883.694749499763,0,0
2.838699383600904,1,0,0,3385.4304500743347,1,0
3.197810719681728,1,0,1,6080.797886021521,1,0
6.539657901494418,3,0,1,7016.542011182502,0,0
3.8321947825879703,2,0,0,4189.95529651977,0,0
3.3407441975811993,4,0,0,5578.554302405248,1,0
2.525451865257834,2,0,0,11222.054643674473,0,0
5.3638804328180845,1,0,0,2160.937717635163,0,0
3.897520570612324,1,0,0,5852.693539942981,1,0
2.5401515680694136,1,0,0,5996.76300622423,1,0
4.570972929110638,3,0,0,6354.944800927801,0,0
17.59957015336238,23,1,0,49863.97060876165,0,1
3.4440496155639257,1,1,0,6325.009745127049,0,0
3.195411782209329,3,0,0,4319.927948013298,0,0
2.0848517009143297,5,0,0,7909.045122000909,0,0
5.5591376371914585,3,0,0,5267.523772449985,0,0
1.0760480246092174,2,0,1,6067.8702811173325,0,0
3.2579404986555898,1,0,0,5992.056195233557,1,0
5.406343657027521,1,0,0,5729.738855214838,1,0
25.642575339587374,49,0,0,118767.37649464433,1,1
5.167688935389801,1,0,0,6942.5697174195275,0,0
14.542006123827404,24,1,0,31233.517928889734,0,1
33.09531956044385,62,1,2,103577.90399293206,0,1
60.33340237241788,54,0,2,94199.68756800168,1,1
30.17405754787758,4,1,8,3677.75034482755,0,1
5.266842649915082,2,0,1,5876.516039528184,1,0
0.28468001836977574,2,1,0,6004.789235101317,0,0
5.460531140847467,6,0,0,7236.349894601948,0,0
1.6033897680868452,2,0,0,4166.079702588118,0,0
3.4033701715179014,0,1,0,6131.573284815794,0,0
3.6788076284693876,2,0,0,6992.000520393123,0,0
5.916896688390342,2,0,0,7813.008949130418,0,0
21.87808831444914,3,1,9,4407.151033692789,1,1
2.045255925227619,2,0,0,3513.1588754837494,0,0
0.8007210262956868,2,0,1,3719.434747164686,0,0
65.2193022876867,63,0,1,54227.82244008225,1,1
14.02823961776496,24,1,0,46615.5467454873,1,1
4.704073025333143,5,0,0,5375.143155395598,0,0
4.346723112615822,2,0,1,7253.009702485863,0,0
3.4516697506510403,2,1,0,672.2590314406361,1,0
2.231635906392694,1,0,0,7726.44247820283,0,0
5.132440467123312,0,0,0,3293.9240005731517,0,0
5.2094303582843615,1,0,0,4770.692077653635,0,0
3.148552231510801,1,0,0,4757.379339502488,0,0
1.2748717587714546,2,0,0,2191.1147143187727,0,0
4.158317216028758,2,0,0,5912.434528241503,0,0
2.254912945809442,0,0,0,5115.6396955675455,0,0
6.237988516057251,3,0,0,4620.631972419457,1,0
4.3413199927701145,3,0,1,7882.079492731,1,0
3.362178239403644,3,0,0,4508.230463659395,0,0
4.753905163605257,1,0,0,582.2876406680598,1,0
2.568924957676236,1,0,0,8363.204254759214,0,0
3.637448846154224,1,0,0,2477.3932439481996,1,0
3.912677604644519,0,0,0,4887.314192451167,1,0
44.54679372932932,49,0,2,168783.73154279252,1,1
0.1,0,0,0,5065.8944465618715,0,0
2.017818456855914,2,0,0,100.0,0,0
0.47029777314884713,0,0,0,8085.810032157182,0,0
4.185590215449258,1,0,0,4626.0436386621905,0,0
3.5540370895498565,0,0,0,3295.255123971056,0,0
3.659274216437143,1,0,0,4301.203762233504,0,0
3.6694832213145956,1,0,0,2957.843097360742,0,0
0.42827115675581773,2,0,0,2571.3841061346116,0,0
3.0595402898963426,3,0,1,4117.05979925024,1,0
2.5738514919588256,1,1,0,5497.117604761856,0,0
2.455109028646792,1,1,0,5090.22242052707,0,0
59.95573793274854,62,0,2,90805.28921530452,1,1
1.1268860839384327,5,0,0,2806.998058709458,1,0
4.279848994303614,1,0,0,8747.36800475383,0,0
3.4323285946354862,5,1,0,1134.9583870538713,0,0
1.7052215064835843,0,0,0,5616.359260397357,0,0
0.9626049077118157,1,0,0,4194.446745815513,1,0
4.350276846029945,2,0,0,2945.1506502646034,1,0
4.177431433031877,2,0,0,5996.783369487094,0,0
25.008088835488326,57,0,1,69105.65027514027,1,1
4.6846419456623085,3,1,0,594.9615752390864,0,0
4.687565882562038,1,1,0,4674.863980614382,0,0
3.1352352415013596,6,0,0,2783.127070256377,0,0
3.131944344496503,2,0,0,2745.691795532358,0,0
26.91426597890483,4,0,4,2215.59544959267,1,1
3.916113233694291,3,0,0,7891.203897078709,1,0
1.25275785530844,2,0,0,5971.903373310856,0,0
46.080189957826875,60,1,2,47160.58642030491,1,1
2.8495534988348874,1,0,1,2418.352529553023,1,0
58.97456787674038,67,0,1,64774.30212229805,1,1
2.824679720387214,2,0,0,5638.391180843125,1,0
4.381726119592188,2,1,0,4245.897701581018,1,0
4.096162036707967,5,1,0,6634.254987729412,0,0
2.693897123341727,1,0,0,5671.010704606496,1,0
4.1608367713647985,2,1,0,5914.634962232329,0,0
26.13465077799751,1,1,6,3274.072705212728,1,1
0.42636257343252515,0,0,0,5530.904629235026,1,0
3.307060029030795,0,0,0,7554.488354706031,0,0
1.770369106843734,0,0,0,4966.266340006568,0,0
1.1580001787662537,3,0,0,4311.797984694134,0,0
2.3390213676453864,2,0,0,4736.489037059065,0,0
2.9635539243437767,1,0,1,8853.172556079131,1,0
3.5946127533106016,4,0,0,7145.837560763284,1,0
2.788518153833372,3,0,0,8572.174866730578,0,0
1.2419892111077762,0,0,0,6029.28364771861,0,0
3.2465860544659533,3,0,0,8937.775635100428,1,0
1.7065230607866855,3,0,0,10043.103963418132,0,0
3.4855783433685974,1,0,0,5007.868336455383,0,0
2.6462559567377206,0,0,0,5006.726000733635,1,0
1.8252302074272486,0,0,0,7077.178454089233,1,0
13.199848723921509,19,1,0,17791.65358327061,1,1
20.50987692861594,5,0,5,3158.6263460034315,1,1
10.14220099339971,23,1,0,59602.28349195942,0,1
57.16625100743157,64,1,1,27923.24521225976,1,1
1.9056342087965303,1,0,0,4506.565690537204,1,0
2.738738156668202,4,0,0,1589.6906653494557,0,0
6.030959548163748,0,1,0,8942.01650259599,1,0
2.6450117630221497,3,0,0,4132.830001321454,0,0
14.126476732169769,28,1,0,55732.50040103482,1,1
3.9242020020033577,1,0,0,4756.017152453328,0,0
2.5399540682610944,3,0,0,6870.622964673279,0,0
10.843374698210669,5,0,10,1235.1938942992588,0,1
1.4809742229177574,2,0,0,5779.178460226689,0,0
2.2073608033267114,4,1,1,5304.943764897724,1,0
0.8142931306206656,2,0,0,611.0799074634606,0,0
3.325846792215787,1,0,0,1336.642120549829,0,0
2.7673045657013993,1,0,0,1715.1678913405594,0,0
0.8747368611046888,3,0,0,3876.7647491980792,0,0
22.03383004165694,1,1,7,1172.718143102384,0,1
28.73029637009877,2,0,7,2147.7926871671843,0,1
2.0407449136687865,2,0,1,5180.377274659809,0,0
12.478952971427258,23,1,1,46489.45003967786,1,1
0.4765102773134595,0,0,0,4167.03406875636,0,0
1.7010901742515712,2,0,0,5758.599877331011,0,0
1.8150204691985956,6,0,0,5202.606872560431,0,0
15.840215178443886,27,1,0,37513.85982630837,1,1
4.263190438706449,1,0,0,5976.348793647745,1,0
1.083093638520571,6,1,0,3293.1236550129624,0,0
0.9361296170976727,1,0,0,5678.876210839244,0,0
64.06728901879563,56,0,1,86965.37851477097,1,1
3.1718766555358173,1,0,0,10322.030488670005,1,0
21.58137824827446,29,1,0,52689.98915103516,1,1
5.006097161164115,1,0,0,1188.6417086872416,1,0
0.1,3,0,0,5003.971642122314,0,0
3.0693049137224304,3,0,0,4258.769891752016,0,0
3.471115835804699,2,0,0,4806.547710853908,0,0
1.554337219148417,5,0,0,4458.766530014148,0,0
5.374244170160001,2,0,0,8110.985142104293,0,0
1.6462402403350624,2,0,0,4318.730700565644,0,0
0.9662790433101689,5,0,1,6305.441595101058,0,0
4.523272824724394,5,0,0,6206.82027193095,0,0
2.4640424095997764,2,0,0,3399.484805426886,1,0
1.5253471085125874,6,1,0,7740.625298611041,0,0
3.3529141673823952,1,0,0,3962.408351191476,1,0
3.022328812811393,2,0,1,3936.2543847715197,0,0
4.002296765336446,4,0,0,3120.130422825331,0,0
5.004279150018256,3,0,1,4647.481958765329,0,0
3.5695313709209753,2,0,0,1779.1922701876733,0,0
20.005213948981243,25,1,0,28445.54703394469,0,1
1.019266523764444,5,0,0,7040.854199076133,1,0
0.1,0,0,0,5860.5965035815925,0,0
1.9107833959704605,1,0,0,6068.911643557069,0,0
2.6784373354423288,1,0,0,5153.047820811545,0,0
0.8567768486605827,2,0,0,3706.3471428366734,0,0
3.366156583467528,3,0,0,7618.599564781178,0,0
0.1,5,0,0,4768.1226787247,0,0
0.9045569133733027,1,0,1,6403.464621302182,1,0
1.6827714496068737,0,1,1,2729.711976073178,1,0
0.1,2,1,0,2970.8746324144013,0,0
1.517059275848091,3,1,0,7165.764361931484,0,0
5.667481360079734,4,0,0,6195.29584026228,1,0
2.424298611438382,8,0,0,6004.882970413448,1,0
2.925661743672626,0,0,0,4689.8812495904895,1,0
4.30583341412959,2,1,0,8249.923278203845,1,0
45.73385057472836,60,0,2,100340.67321188173,1,1
7.37136697262313,1,0,0,8127.544482265022,0,0
4.220645534949316,1,0,0,5353.829962617806,0,0
21.132769009916153,31,1,1,18860.16828736038,1,1
3.194894781249111,3,1,0,6372.395367720261,0,0
4.077521830341244,5,0,1,5393.827181013998,0,0
2.429942906711706,2,0,0,2591.554667987109,0,0
4.333474770606973,4,0,0,5919.888389603439,0,0
3.8393105559242495,2,0,0,1290.499787766175,0,0
0.9376562874450274,3,0,0,7611.105865357746,1,0
0.1,4,0,0,3644.918265326121,0,0
3.3160003165869303,3,0,1,4103.205447811812,0,0
15.881792721047864,2,0,12,2688.7932006904593,1,1
2.3229233235534075,2,0,0,6856.18016956361,0,0
2.0,19,1,0,35810.523356021724,1,1
0.8142662702165002,1,0,0,3255.5224551985975,0,0
3.825650266402178,3,1,0,3654.2978043512176,0,0
18.307729483470943,3,0,8,1938.3537789789361,1,1
5.4766628884401864,33,1,0,40681.50155846073,1,1
2.1964276908459,4,1,1,2486.357816343421,0,0
2.9153383546693394,1,0,0,5465.435655010022,1,0
4.217603564994753,2,0,0,6258.234220627941,0,0
3.7277416688186067,4,0,0,5339.128645916655,0,0
3.74183498298428,2,0,0,636.0326273062801,0,0
2.7311600618253675,0,0,0,1093.6830650620473,0,0
2.1935061346454665,2,0,0,1520.111781208876,0,0
2.6003796988872345,2,0,0,9541.181556832784,1,0
10.394044256103264,25,1,0,37749.21815408499,1,1
6.212471401305692,1,0,0,4224.454169167943,1,0
5.1917683000804935,3,0,0,4332.285763810303,1,0
10.789500581413973,1,0,13,3460.0739642855356,0,1
13.424234932018528,3,0,5,1709.0300368204971,0,1
2.6534104801507645,1,0,1,8525.568654993142,0,0
4.236640593577469,2,0,0,2938.192193602138,1,0
0.1,3,0,0,4718.981625075398,0,0
2.199149642439668,0,1,0,4898.5568937468015,1,0
2.308460579128743,1,1,0,7138.486265135792,1,0
3.8333731329751872,2,0,1,5515.853181562571,0,0
80.18248200663436,64,1,0,93019.41297300984,1,1
3.2949160859305415,30,1,0,44927.80958709551,0,1
13.540060152319409,15,0,0,46694.56350497189,1,1
16.292773464139913,35,1,0,44615.90761573513,0,1
6.416145672834148,3,1,0,4253.487668176279,0,0
15.034671991537682,23,1,0,67534.9798128791,1,1
3.927286071997951,2,0,1,4699.5243444103735,0,0
5.382414160723894,3,0,0,6351.370771688858,1,0
3.4924109431215458,0,0,0,3914.30605001004,0,0
5.264806024680473,1,1,0,8354.108388213024,0,0
1.6653145105542038,2,0,0,6537.064176382297,0,0
3.652326407195471,2,0,0,4150.104711702755,1,0
3.128057072403882,2,0,0,6944.099165116855,0,0
4.659433065089833,1,0,0,4134.699670793877,0,0
1.5896681866114246,0,0,0,5162.958600652865,0,0
3.3162969031321308,4,0,0,5233.477765010432,1,0
2.714023413742261,4,0,0,8412.676342619277,1,0
2.745188274630391,2,0,0,4978.451599600273,0,0
1.6046029690949237,1,0,0,5058.450643790577,0,0
2.6119411474714047,1,0,0,3531.2213188346714,0,0
2.5894440062733475,1,0,0,3648.68997588034,1,0
3.827788157296938,1,1,0,6845.926260568394,0,0
2.119018855854332,2,0,0,1284.3222481963458,1,0
2.6111861110273753,0,0,0,4053.5137577029404,0,0
21.053842455107866,24,0,1,81147.13901919118,1,1
3.709630797041213,3,1,0,1184.3508463867452,0,0
3.1606575450142076,4,0,1,1473.1823282118567,0,0
3.175028713711092,1,0,0,3869.0329609296905,0,0
3.3364459607723913,1,0,0,1381.9943311711454,0,0
4.797779754775041,0,0,0,6636.502175954373,0,0
10.416260925452287,2,0,8,100.0,1,1
3.4368471252710693,2,0,0,4059.994480189096,0,0
2.783573432219618,2,0,0,9180.508877964785,0,0
2.368270526014267,2,0,0,4496.178123289087,1,0
4.124150849591611,0,0,0,4468.938578440132,0,0
34.43192645725013,60,0,0,80984.20132795717,1,1
3.97762221210456,2,0,0,6113.133329466139,0,0
4.127694698753184,3,0,0,2416.9281180399457,0,0
1.374451758962909,2,0,0,6605.864745032306,0,0
6.005264115602013,1,0,0,2108.3819934280764,0,0
0.20627287106280745,1,1,0,4583.252107648392,1,0
3.464119259639887,3,0,0,5656.597691808992,1,0
1.981531028472027,2,0,1,5687.422818583721,1,0
6.351579369296523,1,0,0,6064.62112707702,0,0
3.652149111699928,3,0,1,4972.308303274339,0,0
15.61049039169606,20,1,0,80316.2467043963,0,1
3.0562848485093976,5,0,0,6135.360080098719,1,0
4.443986358730262,1,1,0,1911.9647429632269,1,0
68.2491480127757,60,0,0,38487.97393851734,1,1
0.4039925917391729,2,0,0,9216.108208014477,1,0
1.2013243107821547,2,0,0,4340.351357529483,1,0
3.2121292100108163,3,0,0,4974.4751829824045,1,0
5.133159524885334,1,0,0,4312.340324971209,0,0
4.3913186659703145,4,0,0,3340.3049589613274,1,0
5.75433875959503,3,0,1,1122.6301657404924,0,0
2.3167781267177743,1,0,0,3230.6450389168613,0,0
3.357582562256138,2,1,1,4591.620510326048,1,0
1.8388711725269253,3,0,0,3058.828702121883,0,0
0.1917667463499062,3,0,0,2960.1047091093205,0,0
2.620677830523253,1,0,0,6003.540051553665,0,0
3.6633330930548995,2,0,0,2484.7272512988247,1,0
2.1087750664548084,1,0,0,1212.0328376731259,0,0
2.0645962355559604,1,0,0,5547.17217262571,1,0
2.167009171771476,2,0,0,3206.079706864084,1,0
3.693318733515937,1,0,0,838.0405684454981,0,0
5.137993415205458,1,0,0,3242.072314845862,0,0
2.525703443128218,0,0,0,4910.624986987931,0,0
3.3116258964211855,4,0,0,2785.8633819474676,0,0
2.5872866231599745,0,1,0,5545.462134169627,0,0
2.4787148817097213,2,0,0,7843.726581665993,0,0
1.8263754990578311,2,0,0,5819.822850195772,1,0
2.558146868007583,4,0,0,9197.788347716762,0,0
1.5892046767481753,3,1,0,3597.317758111257,1,0
3.9441060091533005,2,0,0,6487.621680499843,0,0
3.844286880273587,2,0,0,3270.0520962697997,1,0
1.2325445653277016,2,0,0,5539.47736805617,0,0
60.284091329142555,61,1,2,118205.6838291453,1,1
4.877587512847793,0,0,0,6914.765634958406,0,0
2.8681088858701536,0,0,0,6066.480278482246,0,0
1.4622312083337365,3,0,1,6733.886903783749,0,0
3.6510147351751607,1,0,0,8566.531720171974,1,0
31.800536066597537,4,1,10,2326.176586906604,1,1
39.18936834222679,52,1,3,79417.50744702562,1,1
3.3955758065347794,2,1,0,7868.442359262179,1,0
0.6581956167166796,3,0,0,4897.547708906571,0,0
4.251788321053587,2,0,0,7093.830041428333,0,0
2.6771333151357677,2,0,0,7037.498592875911,0,0
5.829283737834123,3,0,0,2696.690353376033,1,0
2.214340832188147,3,1,0,5157.269371786741,0,0
3.8920353170552757,1,0,0,3849.124311202012,1,0
52.77633836091069,66,1,0,76078.8066077233,1,1
3.2376720757496025,1,0,0,1487.4964441797215,0,0
4.166651083627388,1,0,0,4670.85658915289,1,0
11.50655691341155,2,0,6,1801.5213794746317,0,1
1.9932895839051283,2,0,0,7522.22600461466,0,0
4.856825531878096,2,0,0,9341.646004812446,0,0
3.8650625423151026,1,0,0,5051.8691291312125,0,0
3.783540320751703,2,0,0,4557.5350340009145,1,0
19.253757723630237,32,1,1,67456.08665130437,1,1
1.3280745553981097,4,0,0,4985.9468870670335,1,0
3.669992272918355,3,0,0,2288.015202767213,0,0
3.202685177802123,1,0,0,3801.358378349656,0,0
54.4221346655004,60,0,0,150419.1033562618,1,1
46.30659879841759,57,1,0,77726.01163838692,0,1
40.40447357345151,67,0,0,87705.21099248852,0,1
21.165389451218417,25,1,0,37889.20843201586,1,1
3.04500980779641,3,0,0,5739.894732393254,0,0
3.492551959247307,6,0,0,6095.66648928342,0,0
0.1,1,0,0,4446.588879295488,0,0
6.543645059839175,26,1,1,56790.340629230195,1,1
3.0275913233569796,0,0,0,3923.874123983678,0,0
4.451998206830797,3,0,1,4091.0176955108664,0,0
3.819167746338671,6,0,0,4952.800849701943,1,0
3.3364340991253867,1,0,0,8168.680428779004,0,0
17.463587828077138,28,1,1,61968.069846226645,1,1
5.170588044046653,2,0,0,6906.8216852859605,0,0
78.82580375281402,53,1,0,133864.62088930473,1,1
36.037049253413656,67,1,0,35152.62000617024,1,1
3.170622230229215,1,0,0,4426.573529607261,0,0
3.614742685993039,2,0,0,2302.2133524427945,0,0
4.657410733436588,0,0,0,4850.277672286729,0,0
17.51844116479123,1,1,4,4672.846771160223,1,1
38.07648527468365,52,0,0,66589.90662508085,1,1
3.255762279029474,0,0,0,4101.073421977469,1,0
15.277511044555146,27,1,1,31760.87656698518,1,1
0.4415216759767242,1,1,0,5160.8979291323685,0,0
3.5269645139818766,4,0,0,7946.593791108409,0,0
3.9964384530834534,1,0,0,4603.4572545781175,1,0
4.294631277068032,2,0,0,5391.742475151064,0,0
58.441765006814144,73,1,4,103585.12821894354,1,1
3.2782699598771154,1,0,0,3237.440727253363,0,0
2.589224241680644,0,0,1,7125.326620588311,0,0
1.4516059941332449,1,0,0,2787.9186312299257,1,0
3.883054917322726,1,0,0,6364.816923076329,0,0
1.680735557011586,2,0,0,4112.198089059546,1,0
4.684017381845608,1,0,0,3638.227141985688,1,0
3.402244171432974,2,0,0,3441.506203722821,0,0
2.47271289728506,3,0,0,5703.178723369611,0,0
3.1018697537540034,1,0,0,5399.035842442764,0,0
0.9474985536733236,3,0,0,4099.091643773091,0,0
1.0688661280889535,6,1,0,3422.557564413139,1,0
0.7390115283404288,5,0,0,6170.655963418598,0,0
3.3232619539526347,2,0,1,5113.64630592656,0,0
3.233143991502699,1,0,0,2937.8516339240437,0,0
4.67909574299757,3,0,0,6661.029837220587,1,0
3.1530469458608614,3,0,0,4356.524026775705,1,0
3.8793334970389175,1,0,0,3893.4615321975202,0,0
3.7047373848074496,2,0,0,1003.1427853989371,1,0
2.134952266608747,1,0,0,6276.549179747924,1,0
3.4973125427005387,2,0,0,5088.738825210542,0,0
2.4701344622585877,1,0,0,5807.681889571213,1,0
2.986599198162044,2,0,0,6026.660971096531,0,0
4.2291713589268465,1,0,0,4384.241616214298,0,0
2.1971166500541326,3,0,0,6728.514829368824,1,0
3.8263865713403105,1,0,0,6162.055603252889,0,0
12.015534887504607,2,0,14,2208.366922021946,1,1
3.643448086690798,1,0,0,989.4577566631019,0,0
3.855805554207728,1,0,0,2470.421494618567,0,0
4.106273352700629,3,0,0,3497.7549798876776,0,0
1.56474493068053,1,0,0,5329.769603267428,0,0
2.8540701023797657,2,0,0,5994.2625891188645,1,0
2.160641570925766,4,0,0,2035.6723176478063,0,0
3.226382290209744,1,0,0,3719.8719420659345,0,0
22.694955489641554,4,0,6,2346.681889090176,0,1
3.8567610994365706,1,0,0,7656.063562715737,0,0
4.246547786501962,4,0,0,3695.2236277537186,0,0
3.877871297038284,4,0,0,2404.0933119643137,0,0
3.104879371492238,2,0,0,3111.227714995228,0,0
3.734075908407614,1,0,0,5842.840244080991,0,0
0.9478157306200425,3,0,0,5430.38297580685,1,0
5.385678446874035,2,0,0,4325.329451152784,0,0
0.1574312250781782,2,1,0,4012.532328401491,0,0
2.648811694075631,1,0,0,3589.2236426964264,0,0
1.658480930883707,2,0,0,9429.143099809433,0,0
1.7049821028909276,3,0,0,6855.577386575654,0,0
5.99509633753768,5,0,0,7009.2217361191,1,0
3.4919932255711643,2,0,1,4728.641931867438,0,0
1.9070842721107089,2,1,0,3669.694272387849,1,0
3.950865566600614,1,0,0,4499.82150317326,0,0
0.5966106884116122,3,0,0,3249.045539886568,1,0
4.329590939351929,1,1,0,1326.392789851122,0,0
12.48374792248207,17,1,0,41276.99988523833,1,1
21.07172162617707,2,0,7,2699.0313354411865,0,1
3.953056714291916,3,0,0,6309.431347871002,0,0
5.854361193411251,2,0,0,7548.08532341834,0,0
1.2084517789133113,2,0,0,5023.665036474468,1,0
0.4813343585644243,0,0,0,4066.5408831642226,0,0
2.857071319479098,6,0,0,8188.973147621791,1,0
3.021108124310257,3,0,0,3521.979374883772,1,0
3.7183133077806927,2,0,0,3934.686694097434,0,0
1.1200421064822554,2,0,0,6667.831214734113,1,0
4.29263774130505,2,0,0,6003.0755831040815,0,0
2.693895727427348,4,0,0,4639.020422654695,0,0
1.182135420028085,2,0,0,6199.3785541279485,0,0
1.1765154472920574,2,0,0,3498.660330431073,0,0
7.384123703462758,30,1,0,50746.761712433356,1,1
1.4728235827219716,3,1,0,9798.722975198016,0,0
4.343407864971518,1,1,0,5543.902994268817,1,0
3.9194480707118986,1,0,0,5997.266472899053,0,0
5.075580541789499,2,0,0,4239.0469776871,0,0
3.610895840603203,3,0,0,3831.7083881124217,0,0
20.49488137907101,1,0,9,1562.0480519415366,1,1
3.1502544569902104,6,0,1,7710.233781011699,0,0
4.2604622061860935,1,0,0,1654.6056133038946,0,0
30.23205854982344,3,0,7,2814.6980678413274,1,1
5.886744055518859,1,0,0,3209.81049652331,0,0
17.512344370845977,1,0,9,2742.2631478421663,0,1
1.7012533264601353,4,0,0,6084.214581558985,0,0
2.3591210304951984,1,0,0,5314.817528481924,1,0
4.493552078849885,3,0,0,7223.876777938612,0,0
3.3034592877467905,3,0,0,1175.2974531065674,0,0
9.48504392730765,3,0,7,3908.2988865547395,0,1
3.3731809647016244,2,0,0,5933.879388156028,0,0
2.0559832734982435,0,0,0,8134.034745195134,1,0
3.744181062133179,3,0,0,2061.16225095669,0,0
2.8897820076143996,4,0,0,4844.674920910256,0,0
4.209150325200205,1,0,0,4855.346119846577,0,0
30.86280444492253,67,0,0,59983.856152519824,0,1
3.9044054156328336,2,0,2,2045.5114512418554,1,0
0.1,4,0,0,5272.149253046785,1,0
3.2689134524344743,0,0,0,4801.261021689498,0,0
1.0345548753518412,2,0,0,7564.831951532464,0,0
4.18336182507486,2,0,0,3208.0654354784365,0,0
3.4231318362523195,3,0,0,5619.722313060007,0,0
1.8723662282797497,2,0,0,5605.47595204396,0,0
4.252666868871868,1,0,0,3503.2919591204036,1,0
5.210119622162635,3,0,0,4540.841504379709,0,0
0.1,3,0,0,4835.282493519088,0,0
2.9421926072348814,3,0,0,6100.348642768322,0,0
3.069769755322112,1,0,0,4510.998208244395,0,0
2.251593675057081,2,0,0,3980.207185532672,1,0
41.61241537921894,53,1,0,82832.8467159845,1,1
3.549314396675906,5,0,0,5042.8602138912265,0,0
0.9282541027638391,3,0,0,2963.3437708659567,0,0
4.4046006255219705,6,0,0,5645.178476699705,0,0
0.1560222012809036,1,0,0,3261.625499548658,0,0
4.1578114385547424,3,0,0,518.2660386446678,0,0
3.5428827808932652,2,0,0,3148.0078552890973,0,0
3.8689229569813994,1,0,0,2523.7172394000245,0,0
22.922391151174992,24,1,0,58982.571585702724,1,1
5.823262320306075,0,0,0,5501.511503664077,0,0
30.51602706695534,59,0,2,72386.43602379732,0,1
1.9586043566278968,2,0,0,8505.53363671787,0,0
18.680874146400885,4,1,8,1942.4852187833783,1,1
6.344597762114322,3,1,0,10638.285766450139,1,0
5.043687366000319,1,0,0,6839.484352354665,0,0
0.1,0,0,0,2943.356898956588,0,0
3.1985197596040087,3,0,0,5670.456464392324,0,0
2.1350290616494605,1,0,0,6609.717272211345,1,0
48.474430690921515,66,0,0,108285.13235199412,1,1
4.491525702186477,2,0,0,5638.082432682679,0,0
14.634832674444429,28,1,0,21309.642701839053,1,1
4.132292838711065,1,0,0,6532.289189848485,0,0
3.084215010366251,1,0,0,5537.725116774188,0,0
5.7309692364702025,2,1,0,3768.1239214571087,0,0
2.6192436583117003,1,0,0,4012.619920894393,1,0
3.5094626500700263,1,0,0,7675.357322021503,1,0
4.469378011733959,0,0,0,612.9803953640985,0,0
2.3379265314510755,0,0,0,7302.9721116601295,0,0
3.730227820723925,1,0,0,9239.711455876852,1,0
4.067965534486577,4,0,0,6111.728418198126,0,0
4.987720093312259,1,0,0,3231.1734081557647,0,0
4.005118863303284,1,0,0,5711.377546290654,0,0
53.92729355811223,71,0,1,76425.50797787045,1,1
3.177996254585994,2,0,0,9726.480943834997,1,0
3.669691531867781,6,1,0,6371.523040195991,0,0
0.9596124505660093,3,0,0,3667.988336171486,0,0
3.785926431289006,1,0,0,1839.831867080975,1,0
2.0705355254789826,2,0,0,6098.051845236831,0,0
2.678587586168302,2,0,0,6138.059342062819,0,0
2.851705326056571,1,1,0,5104.501665745469,0,0
0.2840719800294078,1,0,0,5645.004054333905,0,0
3.4690688689122027,2,0,0,7279.552217927139,1,0
14.337634811763667,20,1,0,62820.84695996149,1,1
3.1381899876511636,6,0,0,100.0,0,0
4.596468279370773,2,0,0,6045.139398232233,0,0
3.191760604750928,3,0,0,5493.291469656767,0,0
4.747961303320766,3,0,0,5970.91431190892,0,0
0.6412076249963388,3,0,0,6262.661211415449,1,0
3.641835661042376,3,0,0,7638.64514479319,1,0
3.605931031103417,4,0,0,6330.317361223237,0,0
3.5815547118930224,1,0,0,6011.4339631285175,0,0
0.1,5,1,0,6284.434578904928,1,0
4.95802832318112,25,1,0,48058.53367638313,1,1
4.463984924723762,3,0,0,7020.440355733385,1,0
0.23049448331927946,2,0,0,5469.692973266394,0,0
19.481122231778382,19,1,0,25257.466121715894,1,1
18.691924860947218,47,0,1,67249.38983708719,1,1
3.8328601114191363,2,0,0,3126.639185660941,0,0
2.8053956952172454,2,0,0,3592.3536454511386,1,0
46.33265511148362,70,1,1,32936.590349864586,1,1
0.1,1,1,0,5413.828396964916,1,0
22.482357593825004,76,0,0,82317.85826520507,1,1
6.663290798033961,2,1,6,1330.4112172382142,1,1
3.882960227606104,2,0,0,3784.051986668898,1,0
1.339431476934768,1,0,0,3533.6584840586565,1,0
2.713859309498177,1,0,0,4094.2448974633194,0,0
19.657074176171648,26,1,0,18064.3303668226,1,1
2.2663837978216144,4,0,0,5957.46172656735,0,0
4.493308992244023,1,0,0,7175.9583413299215,0,0
0.36027643845680135,2,1,0,1022.1978746315126,0,0
4.285815530334919,2,1,0,2946.835845203757,0,0
3.3441905466876447,1,0,0,4589.219113325014,1,0
2.7356804115570363,0,0,0,2938.383906151445,0,0
37.62413812707956,68,0,5,89853.32721565486,1,1
3.870593947287905,0,0,0,2319.1658289269653,1,0
0.1,4,0,0,5421.133651947769,0,0
1.658688972030784,1,0,0,3712.3762715018015,0,0
1.9130834227234135,2,0,0,1205.4279080537863,0,0
1.8554141854578488,2,0,0,6897.794609486407,1,0
3.1289902211214375,4,0,0,5265.1707400969435,0,0
0.6712387900499186,1,0,0,4998.550048415335,1,0
45.985692059048915,53,0,1,51082.29229824485,0,1
3.921405657535596,0,0,0,3347.751512840078,0,0
5.153991026651571,2,0,0,7712.068609569453,0,0
3.2648600376805668,2,1,0,5936.95010782472,1,0
2.30616642551313,0,0,1,2407.623408853121,1,0
2.917346851436566,1,0,0,2945.5570655759198,0,0
1.6504578202683693,0,0,0,3566.8335405106623,0,0
3.0398780119891478,3,0,0,4147.150374768708,1,0
2.600404387211237,2,0,0,4032.869671382662,0,0
3.4861338334800704,0,0,0,9706.701727563686,1,0
3.617957373190131,0,0,0,5148.566288523807,1,0
2.093102075730689,1,0,0,3987.053331770469,0,0
2.8962930979107906,2,0,0,5976.113031104976,0,0
34.697569680620795,5,0,8,1384.0026253019562,1,1
1.3539934881794347,1,0,0,4182.985326878707,0,0
2.4357658931548514,3,0,0,4671.729444170809,0,0
3.2647686320586704,1,0,0,4037.7380586255576,0,0
1.5029646100591834,1,0,0,5206.890209309952,0,0
3.65945490902549,4,0,0,4059.8023947100683,0,0
1.4865510336176202,0,0,0,4409.487874421944,1,0
39.57873473883016,66,0,2,98460.11424128387,1,1
1.383658006699012,2,0,0,4120.710667856177,0,0
3.5835563856506445,1,0,1,3514.3467815108634,0,0
10.283881673260689,33,1,0,45138.160347580415,1,1
2.5432832883802097,0,0,0,9126.359401785963,0,0
1.648961724430985,2,0,0,2961.855389296047,0,0
8.356624436114778,24,1,1,56465.11939185616,1,1
1.2797518767488385,3,0,0,2217.1426407903446,0,0
3.2389466757444607,2,0,0,10737.537952050889,0,0
4.773796112628986,0,0,0,5608.812719265666,1,0
1.4473828289390387,2,0,1,7683.998533878779,0,0
0.20820947324166594,3,0,0,4040.772076239984,0,0
5.486064180348745,0,0,0,3360.322994369473,0,0
2.498814838948782,2,0,0,3370.815366266763,0,0
19.504902516037127,2,1,14,4845.611764643605,1,1
4.236299429693794,2,0,0,3895.6293828839225,0,0
3.5750656697737058,5,1,0,5285.683885063951,0,0
9.56557916353428,60,0,2,60537.14757067676,1,1
3.704040989431161,3,0,0,4717.546318211425,0,0
0.1,1,0,1,6768.08101925886,1,0
2.9971202202354807,0,0,1,7637.263215917037,0,0
2.5488531227298976,3,0,0,4702.039741001286,0,0
4.107973203896856,3,1,6,3886.1017660960993,0,1
3.880888750204188,3,0,0,626.4311702039186,0,0
2.468118679122963,3,0,0,3158.392428995768,0,0
0.9692887206797138,2,1,0,2187.1374892597587,0,0
3.5880164060486353,1,0,0,3932.638481814006,0,0
1.2356995250348506,0,0,0,3572.1808376073186,1,0
1.2222231292015238,0,0,0,3175.899483942255,1,0
3.9713611545925285,1,0,0,6654.151893549556,1,0
4.395566786434339,1,0,0,4843.389434387266,1,0
0.1,1,0,0,4015.93038638388,1,0
4.679251021204374,0,0,0,8913.494354226114,0,0
4.116500383124514,1,1,0,5001.826230112836,0,0
2.8172921639199995,2,0,0,2729.1646791973194,0,0
2.8699429487368144,0,0,0,100.0,1,0
2.3173239989419994,1,0,0,4298.618904799804,1,0
33.80465716066183,54,0,0,90644.207955265,0,1
36.20870759842025,1,0,8,620.0247105915105,0,1
1.8884721303316576,6,0,0,6464.306446382199,1,0
3.3518933713401555,4,0,0,5555.768066236742,1,0
7.853697516795126,3,1,9,100.0,1,1
3.871798217991379,1,0,0,3905.256094427182,0,0
49.950599016620025,61,1,2,46650.39384352166,1,1
4.618973484648182,3,0,0,5202.935386922956,1,0
4.754619271478275,0,0,0,5575.49884620438,0,0
1.4391840912636984,3,0,0,8138.927271618232,1,0
22.44111658616913,20,1,0,36688.904504303704,0,1
4.886668426304164,2,0,0,5159.31163476986,0,0
1.3095181346987044,1,0,0,6692.432706310779,0,0
3.3474906663547763,1,0,0,4568.173160636359,0,0
5.146378528236529,4,0,0,7430.489206371161,0,0
1.8570383125346133,1,0,0,7362.143336419442,1,0
0.6894684362273842,0,0,0,8102.115549502568,1,0
6.143998125338159,4,0,0,8579.619804497213,0,0
0.618760764403048,0,0,0,5566.279706112,0,0
1.508497337257321,2,0,0,3966.914398775053,1,0
2.465604043407861,2,0,0,2777.9047479804103,0,0
37.176672546970714,65,1,0,66512.89279357933,1,1
2.9114366740424167,3,0,0,4576.62410104143,0,0
2.32926351400508,4,0,0,2602.9300231096327,0,0
4.340698118903186,3,0,0,4877.913407993393,1,0
3.806150781341006,0,1,1,4737.250735891603,0,0
1.6748622658685464,0,1,0,6397.308877077758,0,0
4.656742537808352,3,0,0,7109.974295958829,0,0
56.25800417058895,73,0,2,118622.81589012915,1,1
3.2273111936478993,1,0,0,3811.210207482559,1,0
27.96618719018705,0,1,5,2702.2265651660728,0,1
2.8091200365220685,2,0,0,3028.285697737533,0,0
3.972591016858069,1,0,0,3742.472575060973,0,0
16.603909769321703,24,1,0,47618.52564060636,1,1
3.457075619631647,1,0,0,6813.696300829595,1,0
4.784433007931465,1,0,0,5162.072117504875,0,0
10.310312428515127,30,1,1,47820.1676945544,1,1
25.282499941171093,61,0,2,107417.73886699814,1,1
2.435681844324803,3,0,0,6416.51347568679,0,0
49.241440886295386,79,0,0,77939.68232754194,1,1
7.067878590130116,32,1,0,23301.557000404588,1,1
2.437807387814875,0,1,0,5315.538747568289,1,0
0.7922814730137215,0,0,0,4955.607666172659,1,0
2.026105620584796,0,0,0,1763.2232670507524,0,0
4.1401996280637805,1,1,0,6169.543982255276,0,0
21.123625412099162,6,0,4,1388.7628073483995,1,1
2.0334493196804657,0,0,0,5636.629812809449,0,0
2.3003752409888483,2,0,0,6052.782650888974,1,0
1.3866415707854767,1,1,0,4490.2689252959735,0,0
3.409806034278184,4,0,0,3272.7606173050203,0,0
3.4107057679852795,1,1,0,6464.163694953617,0,0
2.3495587722687183,2,0,0,6363.363840376188,0,0
2.12741797619663,2,0,0,6448.893219579749,1,0
60.90149616409508,58,1,0,59784.61947909216,1,1
2.397011129806193,3,0,0,4609.851185323702,1,0
3.5122630283052043,2,0,0,2620.12353276118,0,0
19.087838767873592,27,1,0,29883.501489177637,1,1
2.940440576479533,3,0,0,6094.319988756128,0,0
43.9751005172318,54,0,1,101339.28931999012,0,1
4.96432602729079,1,0,0,4403.382793665903,1,0
3.1754703510358304,2,0,1,7917.572899492219,1,0
17.338247827018613,24,1,0,30524.478167758578,1,1
17.16556851246359,20,1,0,41502.40763612059,1,1
1.214274367967467,1,0,0,6882.892886093823,0,0
3.4188623309003434,3,1,0,4229.970897230365,0,0
4.213792097779759,0,0,0,5324.654716287099,1,0
1.642788745178367,1,0,0,7255.058685743401,1,0
3.4146215463806318,1,0,0,4355.086672699485,0,0
2.949594840065787,2,1,0,5558.584675864298,0,0
1.959740753141579,3,0,0,5293.993834577397,0,0
3.3560071556907705,0,0,0,8545.485250117488,0,0
2.0327095400440056,1,0,0,960.1249032651654,0,0
2.8693587434212353,5,0,0,5627.25001472833,0,0
0.8734737447606453,0,0,1,8382.41855634433,0,0
1.9296690279444675,3,0,0,3705.1686997650036,0,0
2.333817818451727,1,0,0,7048.761461854252,0,0
47.60239752679497,72,1,1,61396.772669412414,1,1
4.018370344607842,2,0,0,4745.615355686433,0,0
2.418318066676064,2,0,0,5798.125805644668,0,0
4.669448837490395,5,0,0,4863.233288254555,0,0
5.50183141667928,3,1,0,4352.471210410714,1,0
4.648775990677966,1,1,0,2842.5190040532493,0,0
8.224570516712962,29,1,1,49765.64760458583,0,1
3.9714209658293425,2,0,0,12365.019011964421,0,0
2.4424249551214574,4,0,0,2850.861227234067,0,0
2.8286851623332447,0,0,0,5052.07012526479,1,0
49.84905008678011,62,1,0,64236.278435413515,1,1
2.9325071885354905,0,0,0,4018.454992764022,0,0
5.161218897006394,1,0,0,6386.662598483235,0,0
0.9867372504436398,1,0,0,6183.218268200713,0,0
1.4773981414067758,0,0,0,3216.198325184967,1,0
0.761841246790512,4,1,0,3649.469319481549,0,0
2.3650525319337694,4,0,0,3024.7505988819785,1,0
36.57743594400438,4,1,9,2918.053812103398,1,1
2.21664228068624,2,0,0,3946.02060286263,1,0
1.4725267014581127,4,0,0,6744.06359692091,1,0
2.9363492848813375,1,0,0,7183.138033816174,0,0
2.075560367711838,2,0,0,2607.9471922426187,1,0
1.184401908325817,1,0,0,3237.6256807910486,0,0
3.761592677457379,0,0,0,6886.010930580986,0,0
1.3206961870942107,3,0,0,5722.46423820429,0,0
25.541811833220745,3,1,5,3683.349076658133,0,1
2.3501510150654683,3,1,0,4990.353558901207,0,0
0.9094912734507425,5,0,0,7197.99408558821,0,0
2.950057890724594,1,0,1,6648.624576654003,0,0
1.8380222156069055,1,0,0,3234.4391176718204,0,0
32.57382160687902,1,1,11,2179.9473531368358,0,1
7.795923016811223,23,1,0,45293.37850252236,1,1
1.5670327367702868,3,0,0,10397.43397977973,0,0
5.2310974345287935,2,0,0,5006.170308174299,0,0
3.731987056206881,4,0,0,2858.2801483619783,1,0
36.49374026360806,49,0,0,74594.55310188998,1,1
3.4968901428050305,34,1,0,28899.591012378667,1,1
51.57715828900038,55,1,0,92294.50629391313,1,1
2.1133448622133417,1,0,0,2454.896715747824,0,0
0.9354187513830783,3,0,0,7785.164221793091,0,0
34.65670601532982,57,0,2,94513.74675168702,0,1
3.31543693662922,1,0,0,6665.355193537801,1,0
11.846955544003261,3,1,12,3928.656487328252,1,1
2.621223998545553,4,0,0,6581.627968480702,0,0
1.8984183639130485,2,0,2,5779.850187870647,0,0
4.035728031101653,2,0,0,7568.541191927815,1,0
4.118248359787474,3,0,0,5608.914167921716,1,0
2.779389750737094,1,0,0,3349.9474273019387,0,0
15.439836105177326,24,0,1,45476.228322349394,1,1
2.4095437930544334,3,0,0,5239.700636470315,1,0
29.539580958514676,4,0,5,3994.40148621813,0,1
3.0490428378799064,1,0,0,8019.242230845683,0,0
0.9349707786655368,0,0,0,3296.339317607244,1,0
2.822042510835176,1,0,0,1721.9019761333948,1,0
4.212821624403027,3,0,1,3424.7306609193693,0,0
18.176909798517134,31,1,0,20625.952991787624,1,1
47.83454244847895,55,1,2,111389.05597116853,1,1
2.6793047072250658,0,0,0,7111.928853928111,1,0
4.318431041551339,3,0,0,3732.0974156714146,0,0
0.2877839296938811,3,1,0,4079.197196658083,0,0
2.9398576318433456,3,0,0,3972.656687328169,0,0
5.389368133684211,3,0,0,10346.15219900114,1,0
2.0450770753466463,3,0,0,2457.7109578013574,0,0
5.199304229438523,1,0,0,4927.854868001813,0,0
2.471799674267656,5,0,0,5047.90900640487,1,0
4.8187782552474,3,0,0,6779.975829738889,1,0
25.93972140421203,3,0,11,2669.0102235461572,1,1
1.9950073546826663,4,1,0,2803.2382202478116,1,0
3.472564554174256,2,0,0,6050.841222945265,1,0
1.1615913543491279,1,0,1,4164.341536311598,1,0
2.621438812523275,6,0,0,3019.5700211683907,1,0
1.395371383065465,2,0,0,3710.001223685272,0,0
3.956300716346544,3,1,0,3388.8919229628186,0,0
1.475975205887667,0,0,0,7894.115723367399,0,0
5.2007718760635635,0,0,1,5539.347640876179,0,0
3.1080503598488667,3,0,0,3384.9823051415415,0,0
2.1774816932024725,3,0,0,4761.775167827129,1,0
16.74782629697688,20,1,0,33792.36123124195,1,1
3.9798673249218406,3,0,1,5301.675007377015,1,0
6.896510589893748,0,0,1,8434.790636592663,0,0
4.15097586069184,3,0,1,8591.260565596105,1,0
5.027522059290161,2,0,0,5553.762145524484,0,0
4.657018823103795,5,1,0,7831.985030637745,0,0
5.737318526710673,0,0,0,3996.8948794140433,1,0
2.8124333762101736,1,0,0,7059.835768427255,0,0
4.299337801287793,2,0,0,4352.594466835505,0,0
0.859295396720638,3,1,0,9382.402216323,0,0
1.6486545070431373,0,0,0,3617.3361506649026,1,0
2.9084739734573875,1,0,0,3398.060366811578,0,0
0.3354025554865583,2,0,0,5233.612334491072,0,0
22.43160599919999,5,1,9,3325.532213318495,1,1
10.947015310430334,25,1,0,62382.19350154675,0,1
1.2946161278843484,2,0,0,6793.826453312005,0,0
1.5519732077868547,1,0,0,1532.3577380408497,0,0
3.9610936653043805,1,0,0,4851.22133999481,1,0
14.71378371949775,32,1,0,53202.73252641388,1,1
0.46205602624535524,5,0,1,4601.907721368662,0,0
10.684589413717001,32,1,0,37506.25547190533,1,1
39.665306815765184,72,1,1,28511.41535854696,1,1
3.577152816307489,4,0,0,5293.062612953451,0,0
16.86554848198977,3,1,4,2774.3948455753784,0,1
3.3465149658832707,3,1,0,7792.722970355986,0,0
2.787895993761933,3,0,0,8169.408831473833,0,0
18.349331390671423,26,1,1,31416.987742835605,1,1
3.5276346125988054,1,0,0,3490.990482890302,0,0
5.616433692832626,29,1,0,45705.898281924674,1,1
19.126190667833693,2,0,10,3335.1696246075235,1,1
0.7841880548084528,0,0,0,3988.9263362863003,0,0
6.739108299957778,1,0,0,8575.628258733963,0,0
28.586843160249753,67,0,2,67570.76176832148,1,1
4.402663141534176,1,0,0,5599.541913184597,0,0
4.064492798456815,1,0,0,4929.431063063831,1,0
3.5455472255144445,2,0,0,2821.317164647547,0,0
12.090854592194876,28,1,0,23479.59465038674,1,1
2.023055810459783,4,0,0,4983.922986667914,0,0
0.33987819178547873,3,0,0,3885.583963398143,0,0
3.0698362099917915,1,0,0,6191.086614836502,0,0
51.944827085768324,64,0,0,83239.45171392213,1,1
3.189247794646462,1,0,0,6432.163053921403,0,0
0.6734708814779178,1,0,0,1768.0771661511562,1,0
3.0187706391322955,2,1,0,7714.494424551258,1,0
4.480871029475114,3,0,0,7025.156874370299,1,0
15.08609244879615,37,1,0,44363.014946253395,0,1
2.3064723110031493,0,0,0,2064.455749150945,0,0
5.874667315103116,5,0,0,2457.3125728038294,0,0
1.5133405266189743,2,0,0,5875.424720748205,1,0
1.5821151721899356,3,0,0,100.0,0,0
2.2846739654500827,2,0,0,6904.903334215911,0,0
2.2781383142018816,2,0,0,3798.2438861887777,1,0
4.093071351111519,2,0,0,4894.756983054084,0,0
5.441102009197029,0,0,0,2767.9969707657237,0,0
3.07774814848927,0,0,0,7610.976607264992,0,0
0.33544854173066874,1,0,1,4736.4178408189455,0,0
13.890808531930158,27,1,0,49682.61324016114,1,1
13.03432671089067,60,1,1,125503.98008120521,1,1
1.624426580308859,4,0,0,2218.020494516564,0,0
2.185243753415829,3,0,0,5740.621587515409,0,0
3.3438170611726026,4,0,0,100.0,1,0
4.7138838341851725,0,0,0,3610.3216018518815,1,0
31.803508246079737,64,0,1,119019.61957834181,1,1
4.307963249578511,3,1,0,4131.826049175781,0,0
3.863319764999842,4,1,0,11404.651807495073,0,0
3.1929323887368986,3,0,0,2313.0570465286382,1,0
3.665719064074657,1,0,0,3602.7227192381824,0,0
1.2638030516498668,0,1,0,5303.4748238364255,0,0
2.6209165311404123,3,0,1,6963.185147595373,1,0
2.4554192301523923,1,0,0,3394.3068180921136,0,0
21.446994171475826,32,1,0,33063.435360159245,1,1
0.23642330695399227,2,0,0,6655.048297429491,0,0
2.288879289950458,1,0,1,5912.003970379326,0,0
0.22136562751656808,1,0,0,3614.7998308320116,1,0
4.456509503938782,0,0,0,3933.74600904592,0,0
0.7791952311524755,1,0,0,6286.714406519341,0,0
17.75422960060255,25,1,2,53191.95472631042,1,1
3.928657527697279,0,0,0,5136.638828911824,1,0
11.420677858274704,25,0,0,18857.115103009266,1,1
4.238506429955489,0,0,0,4656.4439939402555,1,0
4.171771807835612,0,0,1,8396.2328486165,0,0
2.0477802540428147,2,0,1,7716.312729404561,0,0
0.1,1,0,0,5804.262347621617,0,0
2.4960911624397784,1,1,0,3071.4119641166967,0,0
5.045793344720864,3,1,0,5932.294789923381,0,0
1.5156928199522037,2,0,0,9251.408070164334,0,0
3.2658920504232833,2,0,0,6020.8035426364195,1,0
2.751524286473968,0,0,1,4738.798753753293,0,0
1.9207776810321786,4,1,0,8425.101846951435,0,0
2.8668053284312487,0,0,0,2778.449154162278,0,0
3.415229593996231,4,0,1,4233.708987834531,0,0
0.6119804966378171,1,0,0,5395.1993509645745,0,0
4.311513642669581,0,0,0,4858.313028633899,0,0
3.5775569064841513,2,0,0,5950.03930681585,0,0
16.69279078159693,7,0,12,4994.379801326474,1,1
3.71490445098597,2,0,0,8672.83979036248,1,0
3.574328604577574,4,0,0,996.098061903439,0,0
2.184325793470915,1,0,0,3226.0097066362323,0,0
2.3271536879574684,2,0,0,6782.968288277309,0,0
2.6603181231837922,3,0,0,7724.448495469018,1,0
5.746431433134848,2,0,0,8863.334507873216,0,0
22.7663245026503,26,0,0,38715.1377707042,1,1
1.46040231882721,2,0,0,5231.401915500955,0,0
4.896809714007055,2,0,0,5202.958458340782,0,0
3.7867610629291293,2,0,0,3898.6761023429763,0,0
10.791828758350553,3,1,4,5192.5963832028,1,1
1.886711859003845,5,0,0,6581.577025257193,0,0
38.90129619963739,40,0,2,34944.98437448966,1,1
3.2184454715158273,3,0,0,7245.321369124473,0,0
4.842631218420227,1,0,0,5830.813225990197,0,0
15.885156030763968,24,1,0,40695.339504299576,1,1
0.1,4,0,0,4050.26860099498,0,0
5.651894870369825,2,1,0,3929.5575923313463,0,0
4.27193811519555,3,0,0,3656.078036740313,1,0
7.773699933560595,24,1,1,41271.2789357826,1,1
2.58494986487143,5,0,0,5331.901010546956,0,0
2.1211226843226227,2,1,1,7737.558734762919,1,0
60.43641361531452,61,0,1,87903.78219433276,1,1
2.5617432212946674,2,0,1,5324.73972063202,0,0
3.009025020654107,2,0,0,7562.520584516356,0,0
4.568460180313899,5,0,1,3227.1853099195096,0,0
53.72761894007744,65,0,0,64487.409992918154,1,1
0.6955915289336332,2,0,0,7242.575089083362,1,0
19.534447424957225,24,1,1,40727.75217722857,0,1
3.4160162695803225,3,0,0,7057.715068667088,0,0
3.7361500634907285,1,1,0,4555.036094152586,0,0
3.5922169067191363,1,0,0,3355.8792831208207,0,0
9.123375942342692,24,1,0,33493.81588172353,1,1
0.393428107294302,2,0,0,4684.921530561416,0,0
13.541212539072227,1,0,15,6154.863715066857,1,1
2.1394954637123718,3,0,0,6331.453244706256,1,0
31.45786531844356,23,1,0,32681.890783630563,1,1
13.499797986599507,24,1,0,43703.18320824897,1,1
3.947972225642093,7,0,1,5525.0187972609365,1,0
4.702912097479783,1,0,0,5108.265498427955,0,0
5.2939702184509425,0,0,0,6087.8014746110175,1,0
26.830161425621554,58,0,0,63778.37452192039,1,1
24.1146875130854,4,0,11,5961.847955113153,0,1
0.7039271141149404,3,0,0,3714.6271513351285,1,0
4.148933179089349,3,1,1,3269.7507395597822,1,0
2.437816270922613,3,0,0,3958.268049980459,0,0
1.8587028824277347,2,0,0,4515.383405917947,1,0
3.03667308287968,1,1,0,7472.407444552638,0,0
1.0146175478979162,0,0,0,2516.9831802055123,0,0
0.1,3,0,0,4637.221655708053,1,0
3.1361138456282593,3,0,0,4018.568478587269,1,0
5.793476342092321,3,0,0,4038.656779466941,0,0
3.7073077838177086,1,0,0,6663.496681598148,1,0
63.670544381696025,56,0,1,17777.57748152456,1,1
3.1135699319352503,4,0,1,7564.384051314571,0,0
28.014032665814863,3,1,11,3258.464092294767,1,1
2.90502021043356,3,0,0,3549.6429330005376,0,0
1.3548216323180404,1,0,0,4167.326621082746,0,0
2.1794929187325076,3,0,0,5046.003552813344,0,0
1.4539244521014902,4,0,0,5966.020417382133,1,0
20.435836532707686,2,1,5,2818.9150661304857,1,1
2.048503509711682,2,0,0,1403.1344214846304,0,0
2.142826171204894,0,0,0,4329.367283937144,0,0
3.45837028785372,3,0,0,6547.081185717252,0,0
3.079733021366801,2,0,0,2041.9778254897901,0,0
0.1,3,0,0,5814.662928173208,0,0
18.574157103476743,26,1,1,35677.97602080613,1,1
1.8293498180333232,0,0,0,10472.639080008637,0,0
2.329391112198203,2,0,0,6509.977335941285,0,0
3.4089678951481934,2,0,0,4049.6908540111003,0,0
16.53544431315317,2,0,7,4750.700600787153,1,1
1.7308467957340037,1,0,0,5089.35646441137,0,0
46.93729224491322,45,0,2,47435.09234644177,1,1
15.46384515048394,22,1,0,52921.848011568,1,1
2.5505204039169516,4,0,0,5818.654545212392,0,0
15.00185589101776,25,1,0,30475.014524162536,0,1
0.1,0,0,0,3729.629674463453,0,0
0.8643983469014098,4,0,1,5433.233098885782,1,0
3.4360997668002335,1,0,0,10214.279113257344,1,0
70.39434646129273,44,0,0,109324.21999884435,0,1
2.3250444272030264,0,0,0,5115.475489711336,1,0
1.9587921582815015,2,1,0,3392.1033809139744,0,0
2.7052523694028388,3,0,0,5488.530274883831,1,0
2.799265553225938,1,0,0,7506.900829122955,0,0
4.276928362267183,1,0,1,7124.823628049184,0,0
44.14674856339536,58,1,1,83159.96269030972,1,1
3.129758312882193,3,0,0,3449.67845299131,0,0
2.8523309965381807,1,0,1,7856.438927638457,0,0
2.867079082120249,1,0,0,5062.542261399388,0,0
1.133292318598387,1,0,0,1122.6134723304126,1,0
6.669476788365485,4,0,0,6849.653336511225,0,0
2.9148252084109627,1,0,0,3301.9081546891293,0,0
1.8592367278929531,1,0,0,2359.71789889448,0,0
0.7264621177297927,3,0,0,7180.598432945493,0,0
2.525636111484627,5,1,0,11654.944572859891,0,0
2.4004199155653545,3,0,0,6566.234429067073,0,0
0.9569237537210218,4,0,0,6060.725287153384,0,0
2.511682482720702,2,0,0,3802.536003848029,0,0
3.49111664279631,1,0,0,3205.931888718973,1,0
3.2552654147878983,3,0,0,6160.115585832969,1,0
5.025937681428985,3,0,0,6401.378596374852,1,0
5.163457186779366,0,0,0,996.0751991781331,0,0
4.129308250723321,1,0,0,1753.9872930747915,0,0
1.3020203398845585,0,0,0,4456.315367263988,0,0
3.817984892950591,4,0,1,5204.81192973221,0,0
5.430105463704077,0,0,0,7843.092115851897,0,0
1.524876032011454,0,0,0,7846.005042289206,0,0
3.0669874214451998,1,0,0,2815.42116070492,0,0
4.600833624857975,7,0,0,3279.837661152541,0,0
3.338339759265271,1,0,0,5758.641899227001,0,0
12.990971430445077,26,1,0,69899.85168346373,0,1
2.8804056542147873,2,1,0,2916.9822347762715,1,0
4.339283724484433,2,0,0,4359.513004360306,0,0
0.6761142354836345,2,0,0,6188.729264002002,0,0
31.980550218797667,5,0,9,1757.1544128230937,1,1
1.2420426106488078,3,0,0,3313.670294542834,0,0
2.801848180780312,3,0,1,2931.333459738055,1,0
3.0127584400847303,3,0,0,4352.544848509951,0,0
26.403103966796102,1,1,7,2812.9448631722407,0,1
1.5883168561125625,3,0,0,2659.6971611127897,0,0
51.208585477012214,64,0,1,74049.22367965867,1,1
27.121777675012464,30,1,0,24225.544963569002,0,1
39.42032236540676,58,0,0,78652.15816407959,1,1
2.20609153995016,2,0,0,6922.71189833459,0,0
1.4485379224884016,3,0,0,3580.2062456569683,0,0
0.8278091108774284,3,0,0,5797.709505727405,1,0
5.153967187202664,2,0,0,1475.6071257241174,0,0
3.6829476576248643,2,0,0,6342.973125619265,1,0
3.6208354280590394,2,0,1,4963.1697369207595,0,0
4.873534045310242,2,0,0,100.0,0,0
5.9582939279157205,0,0,0,3294.1074235169417,0,0
4.3924454873527266,0,0,0,4752.195251915321,0,0
2.8049609077522653,1,0,0,7162.835805861394,0,0
4.474374309692642,3,0,0,4055.5067162258947,0,0
12.968002060937224,5,1,3,2918.545951235721,1,1
2.705993553232476,2,0,0,5598.470047784025,0,0
0.46897845837997254,2,0,0,8873.981313376555,0,0
4.012716989842347,3,0,0,5734.807135057648,0,0
2.7354510742660043,2,0,0,6420.277064312354,1,0
4.968037893329871,0,1,0,6608.700595204916,1,0
0.9528875216976518,2,0,0,5086.206552238487,0,0
7.095111221076149,27,1,1,33352.12643570213,1,1
3.387343234984043,4,0,0,3515.036173243988,1,0
5.368636884615652,2,0,1,4208.096690251549,1,0
4.462127722629872,3,0,0,5502.219440245488,0,0
4.181224056578288,1,0,0,1611.2977635774323,0,0
18.30083431465162,1,0,6,3400.953985791878,0,1
3.3930537181115716,1,0,0,5429.685952111657,0,0
2.5408214273100693,4,0,0,2265.678134957171,0,0
3.8188182566087177,4,0,0,4487.838092728932,0,0
0.12510379872268373,3,0,0,4496.164555897669,1,0
2.9416349478206736,1,0,0,4993.972124079471,0,0
18.551371559866293,23,1,0,37328.680162170924,1,1
3.9162673746162815,1,0,0,7395.568978981938,0,0
39.111454875759,5,0,9,3097.3534371108585,1,1
1.2036175664487643,1,0,0,6205.32580919586,0,0
1.1225291788407907,0,0,0,2567.441474071054,0,0
4.362902039838167,2,0,0,6976.263050453339,1,0
4.0872820073343,3,1,0,3877.091787188747,0,0
3.017139083340989,1,0,0,6435.7243098910985,0,0
3.06394653665662,0,0,0,3451.761111321325,1,0
56.37211141133703,58,0,0,49051.04088142644,0,1
4.051084735289379,3,0,0,2983.4075799036827,0,0
2.462905995643238,3,0,0,4138.263060531432,0,0
4.961873435669758,3,1,0,2877.633720992645,0,0
3.7028291677593037,1,0,0,8885.997035980592,0,0
3.8234743111153664,4,1,0,8753.187486337261,1,0
29.26199560210075,27,1,1,33790.045236224396,1,1
2.594404586856837,6,0,0,6636.614501713262,1,0
17.00056197261582,1,0,10,930.1252386691535,0,1
3.7056755333552562,1,0,0,3321.3945138471377,0,0
19.37407708720267,4,0,9,2841.9404524213232,0,1
0.13780438016210006,5,0,0,5326.066349536006,0,0
16.179751347992926,66,1,3,115193.83893434283,1,1
5.098704572544131,0,0,0,7150.7156626051965,0,0
3.5857958944792756,3,0,0,5087.71207260189,1,0
2.7148924906488827,5,0,0,5766.489939570048,1,0
0.15327825015033536,5,0,0,6720.933406289515,1,0
48.86230059835698,60,1,0,37594.941459016736,0,1
4.482829863697972,3,0,0,3328.8600229411977,1,0
0.16208062003213453,2,0,0,7963.380341773953,1,0
0.5579366790731832,4,0,1,5014.668136859039,1,0
18.947827706505986,36,0,0,19704.223363901183,1,1
5.275188985708872,2,0,0,2272.0329460431417,0,0
5.2530438777646955,2,0,0,1618.9403145390634,1,0
5.857590321096705,2,0,0,2942.807811557534,0,0
19.878997166556893,19,0,0,59098.51387650857,1,1
1.2654785096020007,1,0,0,7201.533780878812,0,0
0.1,1,1,0,6560.309053225683,0,0
3.7545730025652975,2,0,0,5955.099988992475,1,0
5.38532820843267,2,0,0,3796.998540712968,1,0
6.090447255786118,2,0,0,7833.996944586651,0,0
6.823991928910504,0,0,0,3629.352391497499,0,0
3.7285334387857727,2,0,0,5072.294574049303,1,0
0.989465687968194,4,0,0,3362.563267923082,0,0
6.192704598652747,0,0,0,4602.265335314294,0,0
4.464998054967195,3,0,0,2961.2520815391263,0,0
2.130839871627451,4,0,0,4226.615708110499,0,0
15.89152629563161,3,1,8,4253.9072106849235,1,1
3.362466782515127,1,0,0,4045.594312088241,0,0
37.67495748131199,73,0,0,29771.982125781782,1,1
1.6065162493041307,1,0,0,3848.1915745349206,0,0
1.4871959370853385,1,0,0,6539.393116521819,1,0
3.084308479633728,3,0,0,5559.43125658374,0,0
16.32927678837208,27,1,0,47504.709998087776,1,1
62.91535546219979,53,0,1,15298.492518682127,1,1
4.002833014885104,5,0,0,4974.136710793091,1,0
58.378683480356884,63,0,2,40686.10436198746,1,1
1.9818177392367327,2,0,0,2964.132823975106,1,0
44.31460479086706,52,1,0,98765.35703502689,1,1
1.3730840663456427,2,0,0,7973.066198511864,0,0
0.7583915702710402,1,0,0,5411.080785692439,0,0
0.7165286540879103,2,0,1,2069.291826009918,0,0
1.3299179371172276,2,0,0,10832.405155066854,1,0
49.03907525740395,69,0,4,121401.98051596445,1,1
5.028890864634818,4,0,0,6048.186305142398,1,0
3.31580200618387,2,0,0,7240.276959112573,1,0
4.306234155549959,1,0,0,4482.369633673441,0,0
17.224438835375494,24,1,1,68454.73354051972,0,1
1.7142353943338553,2,0,0,8070.385252827873,0,0
0.9584746081387956,3,0,0,5886.104880802786,0,0
4.64409634958577,2,0,0,5424.648963805031,0,0
1.6994921155148606,0,0,1,5202.954671547851,1,0
3.305082360929915,0,0,1,7162.838595246819,0,0
3.01432842938527,0,0,0,7153.948764850014,0,0
2.1681413915393293,0,0,0,3978.0438729677276,0,0
3.30811579044189,4,0,0,6861.4246931090065,0,0
1.6649688753545955,1,0,0,6952.52718916266,0,0
3.4001042519649625,3,0,1,1713.773808683196,0,0
0.1,2,0,0,2044.4749266156186,0,0
1.4450656512530993,2,0,0,2837.3072949839443,0,0
8.635259315399255,3,1,8,4327.020578818356,0,1
1.7932100546627798,6,0,0,4558.623245339549,1,0
24.46003357727851,20,0,0,50389.24586333399,0,1
5.671840391372352,0,0,0,4184.188175347106,0,0
18.670693652470625,20,1,0,43448.600895490024,0,1
14.824377914724533,5,0,5,3789.096876562994,1,1
2.51060699246544,1,0,0,4396.144279185295,0,0
2.133691668966524,4,0,0,4657.868342141598,0,0
0.38924551645827643,0,0,0,4760.683019976616,0,0
1.361168594424881,1,0,0,5332.238812337514,0,0
1.6781423288459245,0,0,0,5511.96980526069,0,0
60.04847582875892,56,1,0,61070.9379006034,1,1
3.825303744039661,3,0,0,6869.118982159138,0,0
50.54485296669376,55,1,0,123736.04563154034,1,1
3.218272208003393,1,1,0,6017.6187321003,0,0
2.443934423290343,2,0,0,9436.656869539695,0,0
2.7046714519441357,2,0,0,5484.066014760074,0,0
3.4453738061041688,0,0,0,2524.4693980035418,0,0
24.115235384064015,2,0,3,3331.6973879902603,1,1
4.193757982829661,3,0,2,4112.633873613408,0,0
4.493788086558541,2,1,0,5009.473615787887,1,0
25.09358153146362,4,1,8,2412.842240702164,0,1
3.329377390769916,1,0,0,3359.647957175316,0,0
47.67713740010718,68,0,2,86313.92788922448,1,1
3.9295529482237184,0,1,0,5039.456638236421,1,0
29.55586194428507,64,0,1,88115.63896788427,0,1
3.4394007352459375,3,0,0,4162.814334849636,0,0
2.491112274173977,0,0,0,6804.930634850123,0,0
25.64909291404638,79,0,1,64415.27923056709,1,1
4.909324153131996,0,0,0,6732.857969387297,0,0
2.0255944356077538,1,0,0,10781.017599465958,1,0
20.47273870141676,20,1,0,24935.371438670867,0,1
0.49794810016635527,1,0,0,4156.893072503954,1,0
0.1,1,0,0,3744.9677987688183,1,0
3.509712861735646,3,0,0,6117.940846573683,1,0
0.5920931293011487,3,0,0,3285.793111058555,1,0
0.1,0,0,0,6657.389718081955,1,0
3.522304523917228,2,1,0,3726.8462671194475,0,0
3.1051697380998244,0,0,0,3486.5790147425405,0,0
2.3895843768411615,0,0,0,3624.688411426677,0,0
5.578192504574789,0,0,0,4039.3983622064516,1,0
3.181766923949193,0,0,0,920.0786564960108,0,0
3.986832015649769,6,0,0,7659.603284502481,0,0
1.760655800454071,0,0,0,5351.859357160627,0,0
4.862939995220716,1,1,0,9242.974529747895,0,0
1.9712209857350358,2,0,0,3243.6631821079663,1,0
30.166901973839,65,0,0,121036.34415736207,1,1
3.1013332261212367,2,0,0,4078.2553735018837,0,0
4.626879587195767,2,0,0,7690.070592136433,0,0
30.338005730322145,3,1,6,2865.4006275443426,1,1
4.452417531887221,4,0,0,3484.7151846598317,1,0
4.711219184042071,4,0,0,4824.64111422357,1,0
1.9840887239860832,2,1,0,3523.5905222511533,0,0
1.7762600280233511,1,0,0,3044.950799351266,0,0
38.35423659675545,4,0,5,1038.874241335124,0,1
2.120122372393649,0,0,0,1566.9010712599897,0,0
3.2787518662783732,1,0,0,4104.879278931671,1,0
3.619337092833601,2,0,0,6987.80013558961,1,0
5.066604354412116,1,0,0,5978.410572045312,0,0
3.3174145991925754,5,0,0,7176.3400955492525,1,0
3.365628720602472,1,0,0,4733.749478116666,1,0
1.1632964524192495,3,0,0,5186.073621221944,0,0
4.710314218405103,3,0,0,6399.174343249269,0,0
4.165609438486348,0,0,0,5796.693750659491,1,0
4.7485081348257285,4,0,0,6853.098879659174,1,0
8.77870296212243,3,1,9,2803.890302820077,0,1
2.895301821356793,2,0,0,4641.4106607104,0,0
1.7787450270208305,2,0,1,6465.429528854781,1,0
19.02939059073088,50,0,3,51414.50158578523,1,1
0.5283342883432933,2,0,0,5775.91034656433,0,0
6.77621105630088,2,0,0,5811.263309854457,0,0
22.931442711933826,3,1,5,4068.94277181812,1,1
4.098641714644257,1,1,0,2857.0615651577946,0,0
1.292509909558586,1,0,0,5537.14259036011,1,0
14.67438803120082,27,1,0,50452.11937086853,1,1
2.129022895881623,1,0,0,5299.577481158963,0,0
2.4398865947641766,4,0,0,4661.086512854373,0,0
1.5545423334467938,4,0,0,5675.414579775934,0,0
2.7237363802271677,0,0,0,7040.05525724076,0,0
0.1,3,0,0,793.974954240869,0,0
52.33560986244547,68,0,1,55207.70864563255,1,1
1.3178534309741177,2,1,0,7103.78548015934,0,0
2.490592461590147,1,0,0,3757.306038560866,0,0
2.1633429810158646,1,0,0,4092.5142674978606,1,0
19.751400574286524,19,1,0,47372.0099162445,1,1
3.497993240185402,3,0,0,2909.4952300818445,0,0
3.6584897381074484,2,1,0,10522.02349455951,0,0
3.020033387315509,3,0,0,5074.058715380306,1,0
6.34391041583396,3,0,0,5363.216153601081,1,0
4.4792044754411515,4,0,0,6650.368867524361,0,0
1.8842086093565487,2,0,0,8424.181853788545,1,0
31.79838588536172,58,0,1,53983.27021470871,1,1
4.648787333321719,2,0,0,4196.318274879501,1,0
5.423973636243072,1,0,0,7718.3458773305065,0,0
2.1993060905111874,1,0,0,4500.518555797288,0,0
3.5898446654772407,1,0,1,2958.039426756802,0,0
3.4806742707690566,3,0,0,6676.196384322912,1,0
11.815695291857011,23,1,0,33876.60586661875,1,1
5.105205577151256,1,0,0,7027.552455875958,0,0
0.1,3,0,1,7972.376738486755,0,0
4.693486651443026,3,0,0,9744.836068159142,0,0
4.6718886668660655,1,0,0,5393.913496642594,0,0
47.83598296000982,58,1,1,77888.53388612744,1,1
4.623527894687603,3,1,0,5733.1065511332845,1,0
19.17614493396607,1,1,7,4294.208193603135,1,1
2.3257748553454434,2,0,0,3747.5650281936296,1,0
3.5750907965302425,0,0,0,1991.461839487642,1,0
1.4964363813506738,3,0,0,4317.179146347837,0,0
2.752593336905672,3,1,0,3064.8624765953596,1,0
2.2669761465555562,2,0,0,4616.491004932149,0,0
3.9014389270498455,2,0,0,5938.792310459939,0,0
4.120908076715183,1,0,0,4697.3286609805455,0,0
6.667695217588375,2,0,0,7882.674175753678,0,0
4.833812008011045,2,0,0,3731.563132876867,0,0
4.446826023359,0,1,0,3710.968257005973,1,0
2.421555027715258,2,0,0,4298.172789834202,1,0
5.115242992952904,0,0,0,5469.196768376177,0,0
3.0618091001724297,1,1,0,6562.097710910944,0,0
57.396515758808555,51,1,1,65782.29381388884,1,1
70.13974082210096,72,0,2,88334.29221396774,0,1
3.7750542279726993,1,0,0,2738.2462357111967,1,0
3.4708623171863304,2,0,0,3924.842691441124,0,0
3.6825355805212796,0,0,0,4624.088023551095,0,0
3.018741178091531,0,0,0,7250.468742327017,0,0
2.593607804763288,2,0,1,7706.197739533558,0,0
2.229545608927635,7,0,0,3816.399846503456,0,0
4.391157722337271,1,0,0,4963.170558319377,0,0
0.6156487600365468,2,0,0,3365.5449487339565,0,0
3.045947238891626,3,0,1,7787.098978928073,1,0
4.847812701433955,0,0,1,6839.422304872723,0,0
4.868452440257809,2,0,0,3144.3130689167238,0,0
1.9063742433845872,1,0,0,4368.504074797568,1,0
4.451588080169211,1,0,0,7379.443194788336,1,0
4.218901931630467,4,0,0,8310.311886074907,0,0
20.113801926194817,25,1,0,25377.14796190762,1,1
1.4451270376955145,3,0,0,5914.250357904606,0,0
47.164041717951456,70,0,0,78664.07877417988,1,1
3.415438012829048,2,0,0,4635.814236505738,0,0
1.6463653578112312,0,0,0,1514.4256213257663,1,0
21.025975422514957,3,0,7,4028.766340467807,1,1
3.544513871571775,2,0,0,3915.107464155585,0,0
31.75438314012787,4,1,10,3550.6743289343317,1,1
1.229108490369764,3,0,0,5355.511610131811,0,0
3.7266801588726333,1,0,0,6858.701609753985,0,0
56.216834251765675,54,1,0,30061.041604183847,1,1
1.0460218247483033,3,0,0,5422.091041334464,1,0
36.231684772335726,55,1,1,58720.5168931196,1,1
3.5712438792565098,0,0,0,3533.9512552656543,0,0
41.5848779519165,65,1,2,87538.61392172625,1,1
1.047330393879735,0,0,0,2984.7121223439576,0,0
19.979664039972487,1,0,4,2478.173501698653,0,1
2.28134524363203,3,0,0,7744.399602230667,1,0
1.2174167181025957,4,0,0,4008.4681205067086,1,0
4.185113324208347,3,0,0,3713.0108762202767,1,0
1.0811190417371002,1,0,0,7954.772259070691,1,0
1.383625128594431,1,0,0,3843.3308368784,0,0
5.025255076893018,3,0,0,1070.4813240448898,0,0
2.03768591882573,2,0,1,5215.38130077114,1,0
3.64545203843633,0,0,1,2739.321386845393,0,0
2.7879067467842966,5,0,0,8421.69616073456,0,0
3.7276226505961945,3,0,0,3456.9921815962825,1,0
2.2643067589594343,1,0,0,2005.2955715953012,0,0
3.629197339279872,2,0,0,6975.018139799863,0,0
5.69634174996696,1,0,0,6684.263083924119,0,0
1.6684565164281604,2,0,0,4602.76758606216,1,0
5.0036765044803495,0,0,0,6014.784838686286,1,0
3.3460084535709385,0,0,0,6376.257639830515,0,0
10.71151349814473,27,1,0,39630.67756677076,1,1
2.0336876244203275,0,0,0,5954.721364546589,1,0
3.6564835103014595,4,0,0,7253.6373254955615,0,0
2.665766736364183,2,0,0,5163.97238702879,1,0
4.550714162098465,4,0,0,4589.852016336338,0,0
39.702568974263095,54,1,0,104607.59752394183,1,1
4.013968283710385,4,0,0,7577.635691898593,0,0
3.822192569463294,3,0,0,5460.075429807996,1,0
2.314785028892004,2,0,0,7099.390730722756,0,0
2.738740899292563,2,0,1,5111.771765422779,0,0
27.110472855014464,7,1,11,3455.38047713269,0,1
4.454114686122308,2,1,0,5445.037339474442,0,0
4.26657778572798,4,0,0,4842.63080577463,0,0
3.0,3,0,11,2798.1673286270957,0,1
5.402668336981373,2,0,0,2550.152818946894,0,0
0.5906147725569264,3,1,0,3912.5783125699336,0,0
4.637375429066209,1,0,0,1364.8765521820833,0,0
3.01691654492799,4,0,0,2823.8801560387506,0,0
2.7689500251362,5,0,0,6387.955553401622,0,0
3.117898059172556,1,1,0,4440.5833557171245,0,0
1.6365034582294238,1,0,0,7749.4827163229675,1,0
1.4964840289637982,4,1,0,8849.530563436872,1,0
2.0978087826614913,1,0,0,6702.305305547405,1,0
6.21517023716547,2,0,1,7041.1033381482,1,0
1.4531968973406224,1,0,0,5876.70229755831,1,0
20.72355255365872,23,1,0,48229.02825027433,0,1
1.1557389039606032,6,0,0,5513.532682297608,0,0
5.035144736195945,2,0,0,6946.160857930424,0,0
21.77256734381188,29,0,1,40816.372734884266,1,1
58.03349565034972,73,1,2,50667.74830408975,1,1
3.026001943726961,3,0,0,4188.371836850282,0,0
3.2053099810340773,4,1,0,7067.346545576967,1,0
4.494832326747606,5,0,0,493.8880647305814,1,0
14.847845957811785,35,1,0,58395.158261736215,0,1
3.382820125283812,5,0,0,5553.310381930929,0,0
3.090702672176052,0,0,0,7421.635791949406,0,0
12.263135176508609,26,1,1,41299.1855884465,1,1
17.299227141057486,3,1,5,1188.9377904756125,0,1
5.051861176081456,1,0,0,3984.39509427789,1,0
3.4905148031839723,6,0,0,5359.622395381585,0,0
1.7070264670299375,1,0,0,8565.732664849582,0,0
2.0924989307869035,2,0,0,5090.806245704316,0,0
2.658870881034174,3,0,0,6235.151316124004,0,0
5.22218332148846,2,0,0,2859.499236813777,1,0
6.589015084527363,2,0,0,4390.491931176162,1,0
2.1139394790547703,0,0,1,4713.789044145489,1,0
59.071504720078565,61,1,0,51271.18792775526,0,1
37.68579678185175,65,0,3,41726.805820553265,1,1
21.498428463144762,28,0,0,42293.86401650986,1,1
4.24427856303611,2,1,0,8277.156256134956,0,0
3.292655959714332,2,0,2,100.0,1,0
2.295896489695914,2,0,1,5503.695193989777,0,0
3.1965867390692164,2,0,1,2133.781152880122,1,0
3.304162572378551,1,0,1,4584.2917393317475,1,0
5.3630649741533105,1,0,0,4015.9286757535497,1,0
34.39155565886111,58,0,1,132888.7690046504,1,1
15.49358853160735,13,1,0,69400.50199412595,1,1
1.4154803047448132,2,0,0,4385.235096076786,1,0
2.7300898681750407,2,0,0,10541.82642106591,1,0
3.020977832797939,1,0,0,1632.1802777720336,0,0
3.938385590951005,2,0,0,2890.997185227813,1,0
1.8830649653421552,1,0,0,8050.3017947018825,1,0
19.608044966519365,25,0,0,57162.86869532881,1,1
2.6507239258266226,1,0,0,1403.447264847458,0,0
46.40625783401928,60,0,3,55524.62123561407,1,1
1.5524809128307346,2,0,0,4697.695879695789,0,0
0.1,1,0,0,6513.805945953904,0,0
0.12933039775661115,2,0,0,6027.944235537079,0,0
65.52410901585627,65,0,0,93218.22126864523,1,1
3.0263053525095875,1,0,0,4572.897098939431,0,0
5.815704712997464,2,0,0,6787.395466416818,0,0
3.721542997145483,1,0,0,5611.068917185659,1,0
1.6677992193995215,2,0,0,1237.213358921676,1,0
2.2923359495424966,0,0,0,4505.111539797986,1,0
25.566512555077768,4,1,8,2378.81710241616,0,1
1.0165704061497236,4,0,0,4736.6564803950305,0,0
1.5995734799851844,1,0,0,10797.018637195744,1,0
3.9028434729096624,0,0,0,8451.344109120506,0,0
10.790635062228617,25,0,0,54527.17235694779,1,1
1.6931758919612787,1,0,0,7100.4860913186185,0,0
3.53597913406594,3,0,0,4681.426139299671,1,0
5.466452565350536,0,0,0,1414.2165826233336,0,0
1.5271352310737951,0,0,1,4161.556111590103,1,0
3.60046486246451,2,0,0,9727.206814680909,0,0
18.91179123315951,4,0,11,1193.0715698935144,1,1
4.414148701837913,1,0,0,8306.926455846635,1,0
3.0064614635147398,2,0,0,7411.939176662203,0,0
2.9537512288737235,1,0,0,2337.935012991401,0,0
20.759834741303646,3,1,12,1965.9688098062238,0,1
49.56789526638017,51,0,1,77891.25800035991,1,1
3.8423117319294673,3,0,0,6109.238894880568,1,0
2.9881432269401453,2,0,0,5620.885456940466,0,0
0.1,1,0,0,6371.445623088504,1,0
1.088072396976741,2,1,0,4890.019981200241,1,0
1.4537794195932694,1,1,0,5096.574028060632,0,0
1.5425718404805602,0,1,0,3747.9849706289533,0,0
21.22524235719566,33,1,1,39633.45880476585,1,1
0.25289087367731433,0,0,0,3322.9604270518857,0,0
1.3239238305155883,2,0,0,100.0,0,0
62.82901350855501,58,1,2,122579.70107721488,1,1
20.9790003913743,27,1,1,35974.73686031501,1,1
2.31752477948883,0,0,0,6129.053303112861,1,0
23.219088890496774,1,1,12,1703.0550500020088,0,1
20.853352205625512,0,1,3,2691.9647054784323,1,1
3.7203617287676503,0,0,0,3771.924268028335,0,0
3.4957792928813927,1,0,0,5282.677649828006,0,0
22.930523299392775,2,0,9,1564.3060590891912,1,1
0.1,3,0,0,2134.8218449994592,0,0
4.36685706685342,3,0,0,2476.464030400958,1,0
3.584537557980003,1,0,0,1998.2688017267174,0,0
6.488669687822528,3,0,0,6418.51729145579,1,0
2.8913814917541845,2,0,0,3042.094674600172,1,0
4.781587639892905,3,0,0,3618.0667017624955,0,0
2.3600925254113507,2,0,0,7536.5857092696,0,0
3.8116962573270605,1,0,0,6108.476830873651,1,0
5.306036327846703,4,0,1,2597.7340669297073,0,0
70.77724864646666,48,0,0,109269.61394456789,1,1
1.931494403380937,2,0,0,2493.9737659300367,0,0
3.697620314250459,3,0,0,5711.521737437709,0,0
1.973165963730299,1,0,0,4863.520189728536,1,0
4.311416518378596,2,0,0,6762.909522367745,0,0
3.2073351382114543,3,0,0,1560.1460535273714,1,0
3.593263659543762,2,0,0,4938.084683856615,1,0
6.464031365772973,31,1,0,65042.07693443449,1,1
3.1362000354150714,4,0,0,5442.239060515376,0,0
3.302017279822383,2,0,0,4773.571278175566,1,0
0.1,2,1,1,8198.87380902701,1,0
0.9312761229771183,1,0,0,6285.795459643509,0,0
2.165712061726312,2,0,0,7751.000277020286,0,0
17.572501562443883,2,1,12,1294.2599498533975,0,1
1.990543473408803,1,0,0,1779.5574272299123,0,0
1.743902664258807,1,0,0,4920.6946047031515,1,0
5.038781362860655,3,0,0,4239.1326647010865,0,0
54.95354912788737,49,0,1,107759.49040480822,1,1
1.774810231094616,2,0,0,6571.043401824208,1,0
1.290856498362638,4,0,0,4095.3901314659324,1,0
2.2625165775517733,4,0,0,6085.879090724293,1,0
2.523842167743477,3,1,0,4062.6352998853845,0,0
2.453434060660137,0,0,0,2615.033738082135,1,0
1.1064160517142518,0,0,0,5170.5501799320955,0,0
3.0124228649368905,2,0,0,4194.132225073319,0,0
2.5114528348894067,0,0,0,3202.7198952160197,1,0
15.310583416243515,5,1,3,2385.5621185447444,0,1
1.9429901056951764,1,0,0,7081.473286751592,0,0
4.239610964839887,4,1,0,3286.535660340419,0,0
1.3333426486236628,2,0,0,9701.226967881019,1,0
24.768630062156337,6,0,9,3691.8507663845253,1,1
3.117926504297681,1,0,1,1276.1129562594701,0,0
1.062176597652465,2,1,0,4163.524132229357,0,0
1.7527158410004353,0,0,0,2611.178426989733,1,0
10.112611514591363,26,1,0,46260.519261314555,0,1
3.1470028711490743,1,0,0,2408.8754389810847,0,0
3.3442225731954096,5,0,0,7593.676464890011,1,0
4.614360236199579,1,0,0,7729.151310446652,0,0
27.73040934183161,61,1,0,87133.29038980586,1,1
5.15295023496816,3,0,0,5360.095831942666,1,0
3.084617350754356,1,0,0,1829.5482514016708,0,0
54.17020329794454,63,1,0,91114.66361286792,1,1
2.362839408310363,2,0,0,7416.621009820128,0,0
5.733082832014263,1,0,0,5515.3301998095385,0,0
4.048795097542332,1,0,0,6261.667253538586,1,0
0.5101681778704679,2,0,0,5383.876136340682,1,0
2.0190552995446174,0,0,0,6459.191500885856,0,0
2.7498363989970205,1,0,0,2408.048179267291,0,0
54.16481905095732,62,0,1,22385.6519421794,1,1
3.789303027185843,0,0,0,4018.2358683014077,1,0
2.6297643067326213,1,0,0,6424.507432802097,1,0
24.888228642377634,3,0,9,3223.510475680152,1,1
2.617253737467818,0,1,0,3186.8638923708045,1,0
0.1,2,0,0,7945.247075760895,1,0
0.8808511741614504,2,0,0,4008.9703537671066,1,0
4.635989904132199,1,0,0,8739.937629657301,0,0
1.0472658716683534,3,0,0,6185.20232876087,0,0
1.2762610641920462,2,0,0,5371.974912975724,0,0
3.548211708964252,1,0,0,3755.3224123333184,0,0
3.371498851663415,2,0,0,7377.737756834754,0,0
2.8522717732358647,1,0,0,3885.0524021029373,1,0
1.9112126689692912,2,0,0,6010.636387866284,0,0
3.7330027867009608,2,1,0,5119.707804253154,1,0
2.3692374848446636,1,0,1,8691.855153255772,1,0
42.78797811068472,60,0,1,100498.40003305118,1,1
4.5318334338287,0,0,0,6445.141644512709,0,0
2.1870248996607113,1,0,0,4869.338593805077,0,0
4.482797794277194,3,0,0,4286.384318553892,0,0
1.5665622488979032,4,0,0,6645.695833794417,0,0
3.246480989072874,1,0,0,7842.616879948804,0,0
4.722384636773983,2,0,0,7807.627142061814,1,0
2.542616743591257,4,0,0,6924.3043790874535,1,0
2.7560011191826383,4,0,0,1972.798377213442,0,0
2.0152708397719143,1,0,0,898.654403102275,0,0
3.134263499645721,1,0,1,6795.96330847227,0,0
5.072561390066696,0,0,0,4300.390071438681,1,0
0.11862611115722776,2,0,0,4700.999649329972,0,0
41.03459753641355,56,0,3,46185.35271132761,0,1
1.7679199811634208,1,0,0,5690.232297269558,0,0
2.5769782770971856,1,0,0,4039.714770926149,0,0
15.627257072124884,0,0,9,1965.9821288328021,1,1
5.788862558322059,18,1,0,39372.01055617215,1,1
4.081838059199688,2,0,1,3190.714570304944,0,0
2.372597414454286,1,0,0,9299.51469548646,0,0
2.74282525276831,5,0,0,5166.201122310971,1,0
5.220679550896028,3,0,0,8282.371463258405,0,0
0.1,2,0,0,2750.4602910573085,0,0
3.077477571670973,0,0,0,100.0,1,0
56.797318637675446,59,1,2,65376.90099682523,1,1
3.9819892926716793,1,0,0,2168.786970876069,0,0
2.304833079561906,0,0,0,6234.328935757058,0,0
1.9954778578916954,5,0,0,4300.936482822457,0,0
1.6441810656286877,5,0,1,2594.1986182884393,0,0
2.87240118841844,27,1,0,27265.039197436163,1,1
12.980685243902448,28,1,0,32321.854884974236,1,1
0.6888982556038772,1,0,0,5808.414775554034,0,0
2.842163798623693,2,0,0,3168.632609652477,0,0
0.5223612777310991,0,0,0,2993.2464796401296,0,0
3.8147314024577925,1,1,0,4590.195281832113,0,0
2.893979427521893,2,1,0,6652.476874488679,0,0
2.4342106878163934,3,0,0,5319.450490777011,0,0
3.7276838383043716,0,0,0,5841.4447512258475,1,0
0.7994321319135143,1,0,0,4433.252916208634,0,0
2.6792931628642638,6,0,0,3998.626491565012,0,0
5.256760077883841,3,0,0,2238.558798790737,0,0
1.915146471088741,0,0,0,6349.155872159835,1,0
2.9251419133699312,2,0,0,1167.2335762547418,0,0
0.9139718550371159,1,0,0,7983.986661497219,0,0
2.6004187649865673,0,0,0,1480.261306218537,0,0
2.1869941447110435,2,0,0,3869.1043451307864,0,0
4.309584900139115,2,0,0,2850.7889538170243,0,0
3.1464059887431604,0,0,0,5279.850441993841,0,0
19.700402537888273,2,1,9,4637.134015273203,1,1
1.8706621241570687,3,1,0,8542.850526237573,0,0
2.68645161595887,1,0,0,4523.560461674807,0,0
2.8168741680429124,3,0,0,2929.8415895162375,0,0
1.1031870120781289,1,0,0,3689.3601848566245,0,0
0.1,1,0,0,3601.0886688144064,0,0
3.332974166514407,3,0,0,5111.789984903219,0,0
4.699034730779383,3,1,0,4927.907821404262,0,0
3.6026233789796196,2,0,0,3899.3540887550116,0,0
23.64415667220083,3,0,6,2783.837304557036,0,1
3.3346196139379125,1,0,0,4458.771084555759,0,0
2.825600032034451,0,0,0,2877.047699772251,1,0
13.576787282550747,62,0,4,55724.69837767814,1,1
3.265574021264869,3,0,0,4793.801938515319,0,0
21.566357290380715,17,1,0,10493.987660834999,1,1
3.727954924594711,3,0,0,9480.503089463013,0,0
3.425162153616956,4,0,0,3141.5178746102347,0,0
1.1749223724203894,2,0,0,100.0,1,0
7.863403096843668,20,1,0,30170.64792757608,0,1
1.7586236388980079,3,1,0,6746.866133095978,0,0
2.1942093089798727,0,0,0,3829.068093165297,0,0
1.9019881006414283,2,0,0,6920.192589216657,0,0
43.54290243350853,61,0,1,108826.69055919445,1,1
27.66525314102538,1,0,11,4327.965599633696,0,1
3.1195091089013465,3,0,0,1624.455799922206,0,0
5.174017201854455,2,0,0,3550.84081958905,0,0
0.41196860698844473,3,0,0,8139.80138127942,0,0
6.428006813293521,18,1,0,43643.24349391831,1,1
5.7393140203602,4,0,0,3028.3775397577083,1,0
16.447949162173952,31,1,0,31261.554400108987,1,1
3.8863594841900317,1,0,0,3265.956152284412,0,0
5.109923300475967,1,0,0,5475.487813954967,0,0
19.79955812364421,14,1,0,30125.829195544487,1,1
4.992234931343695,2,0,0,5157.896120524879,1,0
6.211517218364369,30,1,1,30086.708336023206,1,1
5.101779412550844,3,0,0,7794.717227796817,1,0
1.6964291282028263,4,0,0,7354.907283257647,1,0
1.9292707541719334,2,0,0,4673.157403748154,0,0
2.3920961018260023,1,0,0,6477.656158753174,1,0
2.8589772388722667,3,0,0,8163.317407760307,1,0
1.8570127142595145,1,0,0,6044.567101720377,0,0
3.178194809854353,1,0,0,5837.216639418332,0,0
59.109917105139886,49,0,1,89295.74056511249,1,1
2.3557910311582484,2,0,0,4604.562603336048,1,0
4.056022611482481,3,0,0,5952.512379374849,0,0
4.992718216187596,2,0,0,3571.0217551730752,0,0
3.5927597142232295,5,0,0,5961.9195348670055,1,0
3.8296151805378673,0,0,1,6183.723847691421,0,0
3.0603847530006942,1,0,0,4153.389498012123,0,0
1.50646465973729,0,0,0,4971.7544501410985,0,0
2.2057609364042965,0,1,0,10575.340111718138,0,0
4.153854312055692,0,1,0,6273.806314914937,0,0
2.4695778875795336,1,0,0,7090.549650331126,0,0
4.470286307507733,3,0,0,5263.17235744332,0,0
1.2238075021525916,3,0,0,5455.239127499172,1,0
1.9498739555311666,0,0,0,6787.381688651453,0,0
29.247560697883614,64,0,2,119690.50592272528,1,1
22.17528886571389,38,1,1,28444.349475474166,1,1
2.1577754598256744,2,0,0,4407.240127131256,0,0
4.29954935247756,3,0,0,3605.2066486264084,0,0
5.242411966851594,2,0,1,7701.812869474132,0,0
32.70644088234257,57,1,0,142845.5974686035,1,1
61.11996129336207,66,0,0,112119.35463246773,1,1
35.615942364916194,2,1,6,100.0,1,1
4.371936080980269,3,0,0,6168.763668199886,0,0
2.729539465725699,2,0,0,2059.485062925374,0,0
0.44385056152889124,0,0,0,4597.981349752961,0,0
3.054721133421347,2,0,0,1859.8387781225647,0,0
4.700353054313437,1,0,0,7694.773504432545,1,0
0.8145218688280984,0,0,0,6659.762544987971,0,0
46.116770012348844,64,1,2,124727.29291615996,1,1
3.521901715774066,2,0,0,2284.7795977765486,0,0
3.837823438911335,2,0,1,9875.893067794748,0,0
44.732159257389206,52,0,1,67229.72723802493,0,1
3.270545914539597,3,0,0,1006.7886689816937,0,0
25.223451615991877,1,1,16,3478.3884461517223,0,1
3.834112910734726,2,1,0,3361.6118880140375,0,0
28.0891214289867,3,1,6,100.0,0,1
1.620821570997583,3,0,1,2956.579910804333,0,0
0.11774320417704276,2,0,0,2362.2031533242957,1,0
3.0589695990364443,1,0,0,8381.6513057644,0,0
1.4221690906523796,0,0,1,8517.916241264144,0,0
0.21024689018155707,2,0,0,9084.851286576875,0,0
43.99307273058464,62,0,0,78638.26095519829,1,1
3.5103149653025065,1,0,0,5289.0805752665565,1,0
2.970147493640122,1,0,0,4377.967505402351,1,0
5.297668335901579,0,0,0,7393.861779092502,0,0
14.860172674007185,27,1,0,22005.3476940072,0,1
5.116975478815068,2,0,0,1656.0611377102982,1,0
2.5947673059943557,2,0,0,5459.537648698588,1,0
1.4980628508651839,1,0,0,4947.625858551471,0,0
15.34768455285782,18,1,0,35693.59540668837,1,1
45.58392142778829,62,0,1,68113.53519895638,1,1
3.0959665670532823,1,0,0,3414.4562881257625,1,0
3.1961462818673168,0,0,0,3434.8902336708898,0,0
2.964865561198777,2,0,0,2372.716631883627,1,0
0.7716912607165893,1,0,0,6101.103639849046,0,0
4.543171379618264,2,0,0,4000.254365275718,0,0
30.052902380546232,6,1,4,3307.5395304628933,0,1
4.290794561942168,6,0,0,6220.256751713814,1,0
2.257877354211432,2,0,0,4775.854978736168,0,0
4.881693708195986,6,0,8,1791.6151704260528,0,1
4.406284382624636,1,0,0,6970.166786544944,0,0
2.716133488595392,3,0,1,5874.752286300696,0,0
12.092154105651682,4,0,10,2883.933009296998,1,1
4.69514897460677,1,0,0,4634.307136964989,1,0
44.31871556751647,63,1,2,75336.09702137065,1,1
1.9922283903581912,0,0,0,4131.3726441931585,0,0
2.4143040758057848,2,0,0,6601.92979047974,0,0
0.32889283865479424,1,0,0,5814.234775719277,1,0
14.974815435434447,8,1,9,5699.847319101671,1,1
4.076588413125095,0,0,0,5070.308688956665,0,0
1.5283692628255825,2,0,0,4374.342685144188,0,0
1.863582413186629,3,0,0,3797.5106249168157,0,0
5.416405492517842,4,0,0,5627.224512270922,1,0
1.9291877639452741,1,0,1,3150.8504288161284,1,0
0.6609251470415867,2,0,0,5615.227084753271,0,0
3.137280267259812,1,0,0,5525.734546405677,0,0
2.820950701084685,2,0,1,4895.635459614835,1,0
4.9014353412058576,2,0,0,5912.566204642502,0,0
26.649535328771606,20,1,0,33880.709323006835,1,1
1.7477232708427473,4,0,0,6975.451264282709,1,0
1.7193611661188823,2,0,0,3809.0230261382458,0,0
1.8666889218892073,2,0,0,6770.323336219388,0,0
2.0586341381834563,2,0,0,6850.496948135002,0,0
4.899456835754048,2,0,0,9316.396911950826,0,0
1.8768755640286237,3,0,0,3824.046359929282,0,0
3.101368604233337,1,0,0,4497.111864114242,0,0
49.49560701248732,61,1,4,79476.01881712161,1,1
0.7976043601967291,3,0,0,6451.464429996439,0,0
0.1,4,0,1,5760.566251181706,0,0
2.656061019671538,4,0,0,5618.203686943372,0,0
1.4665795775290058,5,0,0,6050.873725440504,1,0
3.6674130938169327,2,0,0,3960.455690895483,0,0
1.5206398342251037,3,0,0,3336.9751751481094,0,0
27.90836828596706,2,0,10,1132.477369815172,1,1
6.580427699360884,3,0,0,5550.635682821176,0,0
3.5827113012773113,1,0,0,4039.9569786498228,0,0
4.700683908846018,2,0,0,7377.274037913909,0,0
1.6193163656260503,6,0,0,2743.3525889268117,1,0
46.24585142099452,57,0,1,74243.88787469958,1,1
18.896933044662944,4,1,6,1310.7072807430163,1,1
2.3341475453718656,1,0,0,7792.194522428241,0,0
18.179798767346735,16,1,0,39123.904108576724,1,1
3.7739377151517663,5,0,0,5794.190714220375,0,0
21.266530752916537,3,0,8,4484.16877730244,0,1
38.660394051739424,53,1,1,122458.97029155382,1,1
1.5107297882490904,4,0,1,6146.594605430969,1,0
3.141274587348468,2,0,0,6269.979532320749,1,0
3.422712823025328,1,1,1,2959.7229349385734,1,0
0.8852708565782845,2,0,0,100.0,0,0
5.940726901174541,0,0,0,5761.923714357677,0,0
2.986807965771643,5,0,0,5922.94252902919,0,0
2.5064194919276757,1,0,0,7065.955142939502,0,0
2.1547928618623957,3,0,0,5306.761193812105,0,0
2.7558015050510893,4,0,0,3386.0706271211284,0,0
13.888182202827071,2,1,6,3766.3396705213727,0,1
4.693458439081337,3,1,0,3729.671094573514,0,0
3.528004430906447,2,0,0,3446.560841681013,1,0
1.5452994073273896,0,0,0,7403.644396819014,1,0
28.013655600150607,1,1,12,2627.264269258916,1,1
5.357003724123551,2,0,0,5065.555572590014,1,0
2.315765705826963,3,1,0,5281.612606730664,1,0
3.6692115063715116,3,0,0,9525.618469930481,0,0
1.010405845022177,4,0,0,6126.12869438453,0,0
5.2139235720802635,3,0,0,4264.5668735738,1,0
4.269456093461595,0,0,0,5683.14345970035,0,0
1.4519516322576336,0,0,0,4798.037997714278,1,0
17.30873788399724,29,0,0,6243.731616019904,1,1
1.4333752675373514,1,0,0,5575.882653062957,0,0
1.4618848083331435,3,0,0,7558.654645439643,1,0
23.08902568739786,7,1,10,3807.6701138516687,0,1
5.158058223538847,3,0,0,3650.9690905408524,1,0
3.3873692804958404,2,0,0,5941.461075492906,0,0
0.6029214370849294,0,0,0,4194.8340585921605,0,0
3.8672323752967825,3,1,0,2761.514678033912,1,0
3.626207938113022,3,0,1,3886.4223910823275,0,0
3.8600437052594176,4,0,0,3809.252562224889,1,0
0.9270764529545508,0,0,0,5165.397110649642,0,0
1.8601981119826274,3,1,0,4410.647015735093,1,0
4.28519097384979,0,0,2,4120.082673122097,0,0
3.967669031491682,3,0,0,3588.252167620251,0,0
2.075926461665812,3,0,0,7647.035868360031,0,0
2.239342079357637,4,0,0,2971.1201266737335,0,0
4.0106915905016365,2,0,0,2062.63763326643,1,0
3.066318567156297,1,1,0,8159.2634896172185,1,0
1.556863325487559,2,0,0,9395.368289992291,0,0
3.6216141499139947,2,0,0,4764.9383556296525,0,0
1.3763592039175698,5,1,0,6573.429995023268,0,0
4.12630348309689,2,0,0,3431.7559016284586,0,0
3.4336790980349763,5,0,0,7262.801851950777,0,0
2.683964978455265,2,0,0,1397.6280331708417,0,0
16.090152174992163,3,0,12,2352.1332542254922,0,1
2.748188895860533,3,0,1,10645.196512437893,0,0
2.435843714160627,5,0,0,6521.241086503714,1,0
11.847808106787332,5,1,7,2164.5947593838864,1,1
19.19218418814758,18,1,0,38530.69585787149,0,1
15.547290985131516,24,1,0,64328.99840680135,1,1
2.1499304620347752,3,0,0,1627.6782286243306,1,0
2.4006765876173572,1,0,0,4262.067870179446,0,0
2.8236867490078046,3,0,0,3789.9632935269037,1,0
2.84883312608102,2,0,0,9139.313760436784,0,0
3.0044899367999336,0,0,0,10214.323265830528,0,0
3.063933784618059,1,0,0,5800.5038513936925,0,0
1.7504449158059825,4,0,0,6557.967239850224,0,0
5.363516388255991,1,0,0,2610.314838143937,0,0
2.2693296587772327,1,0,0,7482.892593466031,0,0
12.980044259606057,2,1,11,1487.0150037627889,1,1
0.1,2,0,0,5867.436770048687,0,0
3.172771324729185,2,0,0,7315.830912704234,0,0
2.001735439066959,2,0,0,7742.529546089629,0,0
1.6271614182700143,5,0,0,2147.164536741458,1,0
1.7937750576375615,1,1,0,5838.018622414149,0,0
2.507212165315659,1,0,0,1866.5020187127307,0,0
16.80755147540842,25,0,1,73036.84190498004,1,1
4.3499994966446,3,0,0,3335.6072127202824,0,0
2.8776183454723183,0,0,0,5158.962353596734,0,0
3.222940642954246,2,0,0,4150.783200276839,0,0
5.348669296804881,1,0,0,7470.04592120564,0,0
1.6363456670949663,2,0,0,2737.3700819543574,0,0
3.3733703980125442,0,0,0,4102.5028319817575,0,0
0.1,5,0,0,6175.152020782543,0,0
4.965059539300425,0,1,0,6364.996863193506,0,0
1.9089483890113021,3,1,0,842.3138027661898,0,0
2.4329410624027847,2,0,0,4092.6354101436127,0,0
0.1,0,0,0,4274.134251772034,1,0
3.1965406742901292,1,0,0,3318.975422066512,1,0
2.501336198490345,4,0,0,6330.12617004841,1,0
2.210239955225828,2,0,0,6595.9572377611,1,0
3.938513357394231,2,0,0,4572.591523390713,0,0
3.1910437134847283,0,0,0,6508.800264333608,0,0
4.1682445756815465,3,0,2,5789.645716296635,0,0
4.574247908794979,5,0,1,5112.593204569535,0,0
2.6068436658830563,3,0,0,7315.936982131989,0,0
2.908013481256729,1,0,0,1363.377367499787,1,0
2.0030609999053035,5,0,0,7134.018789905405,0,0
3.484196196139872,3,0,0,4337.1863924108875,1,0
4.92988519693085,3,0,0,7920.46717124508,1,0
0.1,1,0,0,5135.313404423426,0,0
5.154452634844937,1,0,0,3819.0696366978846,1,0
17.163546290782577,66,1,0,58655.09016187983,1,1
4.044617836234154,2,0,0,3228.10922511841,0,0
2.6335067172307065,4,0,0,3926.684539803474,0,0
3.288631676652272,2,0,0,4468.252506556964,0,0
2.7929293870776997,3,0,0,7529.859868960809,1,0
5.156665409874694,4,1,0,8669.158177422843,0,0
2.6407934023255146,7,0,0,4502.684540090089,1,0
5.869432211597628,3,0,0,2593.2645280692377,1,0
21.564740272211864,34,1,0,9630.423123797493,1,1
2.457251194373488,2,0,0,5935.0603585878725,1,0
2.9110760309611017,2,0,1,8091.0139313411055,0,0
2.5811686211824743,1,1,0,4127.983533490993,0,0
4.317675451960909,0,0,0,4435.628084552982,0,0
4.460728607575963,1,0,0,6259.182449534903,0,0
3.002999034622631,1,0,0,7767.108261302475,1,0
3.680948368963044,2,0,0,4948.184669893034,0,0
1.9015719278968866,2,0,1,4571.839118593074,0,0
3.9485642888486976,0,0,0,6756.554171208497,0,0
16.09247881691566,5,1,8,3179.31411238572,0,1
0.22090820746458295,3,0,0,6746.313822464555,0,0
4.334019380658524,5,1,0,1925.6074089931717,0,0
5.247561660445098,1,1,0,2408.359739677921,0,0
4.052026257517239,1,0,0,9941.92777882244,0,0
2.6734729598480147,0,0,0,5437.845241864127,0,0
57.81910344002351,59,1,1,44447.01455072877,1,1
1.9304293774630292,6,0,0,5866.363661570232,0,0
3.5682639051875915,0,0,0,6899.740817804117,1,0
0.1,1,0,0,11451.986248295849,1,0
4.192398379373442,3,0,0,2747.312310838934,1,0
0.6166536537319125,1,0,0,4207.370792665584,0,0
3.5467875569892033,4,0,1,3555.3023800340784,1,0
6.321228923687867,3,0,0,8692.675324040014,0,0
1.2299988322991116,4,0,0,4504.721006482113,0,0
1.6851527637252046,1,0,0,4013.6407958927675,0,0
1.8491743972040395,2,0,0,7157.095576848818,0,0
5.0511022916076325,2,0,0,8266.921389904608,1,0
5.424314522476811,2,0,0,6073.755313670181,0,0
11.458067375941194,32,1,0,45470.5270073569,1,1
0.8935963528638764,3,0,0,7466.736916510644,1,0
8.77769247970942,21,1,2,22897.494830970638,0,1
3.2386443632835085,0,0,0,4527.584637850414,1,0
16.408257679872175,35,1,0,11257.224164073745,1,1
51.75821950504745,71,0,1,99167.61601659402,1,1
2.0024074194575654,3,0,0,4436.04726431255,1,0
5.010381601427744,1,0,1,4386.604440734685,0,0
0.1,1,0,0,4676.753422613723,1,0
4.8138968526380665,3,0,0,5876.9680649642305,1,0
5.227378180100777,4,0,0,6903.600673017863,0,0
3.7304587211783726,0,0,0,6931.994463765634,0,0
2.5272384151721643,2,0,0,7775.524176557106,0,0
4.002489027161996,3,0,1,4213.239852821047,0,0
0.1,2,0,1,6309.255715326844,1,0
3.172400867371519,1,0,0,4305.4181913493785,0,0
2.2937675133366957,0,0,1,5530.974190632665,0,0
1.4324344356205465,1,0,0,3838.446209600559,0,0
2.0403727008753787,1,0,0,4447.70388246328,0,0
2.430470212286158,3,0,1,4494.657792429053,0,0
4.578112329035614,1,1,1,4152.297340526741,0,0
28.780279877027695,2,1,7,3089.0496142429142,1,1
2.163406668757178,2,0,0,7036.147683126064,1,0
2.225553604707737,1,0,0,1592.624457726176,0,0
52.76368281088582,65,1,0,103760.92513983458,1,1
2.6190559829283284,3,0,0,7263.037292858668,0,0
4.950066892048438,0,0,0,5391.370307253704,0,0
1.3497966694135413,1,0,1,6860.038081066297,1,0
4.541371605830733,2,0,0,4068.7130467680818,0,0
3.5947302261163774,2,0,0,3962.4226367812325,1,0
3.564066554433917,0,0,1,2573.1079564578727,1,0
50.97774818690849,65,1,0,94029.15699142306,1,1
1.6385737408490995,1,0,0,8446.848427214349,0,0
2.519189432493678,3,0,0,8297.005417077802,1,0
2.3817759323145484,1,0,1,3832.529305827834,0,0
6.4224493159140925,3,0,0,4635.005426478844,0,0
3.807173155505889,1,0,0,3148.0359484833007,1,0
35.80362375720448,63,0,3,114218.1859681083,1,1
6.707713614083204,3,0,0,4649.714252151449,0,0
5.327820180183733,2,0,0,3399.0214822852868,0,0
0.6294910232316977,3,0,0,7519.693672945173,0,0
1.7205932733115916,0,0,1,4202.735417410547,1,0
3.5787698288347514,2,0,0,3747.347926815485,0,0
3.9983778544701436,2,1,0,8096.818465919752,1,0
2.997911022834977,1,0,0,6830.5527544911,0,0
3.8492816378622496,1,1,0,3147.0863013470653,0,0
17.64551293757685,22,1,0,54380.9122200264,1,1
4.134372245444709,0,0,0,4170.626864612759,1,0
17.778261673188926,3,1,6,1952.186755254136,0,1
23.873254759931925,75,0,1,53620.93444990652,1,1
1.931918750725555,2,0,0,7150.839375165764,0,0
3.367022888231025,5,0,0,6557.038653474039,0,0
46.324729956665905,59,0,1,77154.3512284693,1,1
3.1775218700823067,1,0,0,3582.503134681114,1,0
7.2189738723580845,3,0,0,7985.966786468152,0,0
16.451821247148917,12,1,0,32499.473827985443,1,1
0.38312101953871114,3,0,0,7125.273987253757,1,0
5.514892197368544,1,0,0,5345.510293123336,0,0
2.6955870844869447,1,0,0,4206.387972266759,1,0
10.315733837687283,2,1,9,4817.019338771118,1,1
4.386536635781151,2,1,0,7325.942538327688,0,0
2.935975355658785,0,0,0,3539.4441729496234,0,0
3.4846248869068512,5,0,0,6468.177899770489,0,0
1.6859108038341324,2,0,2,5400.000506829504,0,0
3.9852277900802067,2,1,0,1836.1271441361973,1,0
5.1767682735315965,2,0,0,2973.5772964552034,0,0
3.384951571622294,3,0,0,7976.836007058365,0,0
3.7598747312853806,1,0,1,4206.701446751348,0,0
1.9921319644804847,4,0,0,3789.5247872071755,0,0
50.97536054406354,73,0,1,97159.10505017453,1,1
1.322541274190184,1,0,0,4863.706257935986,0,0
3.51858986970237,1,0,1,1902.4032549570566,0,0
0.6492343641218294,3,0,0,6175.608784533913,0,0
2.9441261211718097,3,0,0,100.0,0,0
4.93752969848801,6,0,0,5218.368622042342,0,0
3.022020209834567,4,0,0,2777.9233715487253,0,0
22.582126596647814,2,0,11,797.7879073489667,0,1
4.362094265276978,0,0,0,6725.397169844518,0,0
4.849352901154045,1,0,0,5056.628592020459,1,0
3.377781622942508,6,0,0,3307.4480309851215,1,0
21.22707153489738,35,1,1,52603.01487455992,1,1
0.8177662721133165,2,0,1,6446.158006014289,1,0
41.07801695981369,56,0,2,122125.81080924888,1,1
73.71700780670312,71,0,1,64309.471820873034,0,1
12.976687996632473,26,1,0,35529.88708451409,1,1
2.3198425524471107,1,0,0,8678.318165875547,0,0
0.43740016056997844,3,0,0,3666.954678242341,0,0
0.6820500817068633,2,0,0,3784.257878570842,1,0
4.790427857784565,4,0,0,5169.001755750371,0,0
0.836551296660883,6,0,0,5516.794082069635,0,0
27.835135119768733,54,0,1,71118.98437126738,1,1
3.6636819074545666,3,0,0,646.0748402805684,1,0
3.5625932278385104,1,0,0,7527.083976703287,0,0
4.447755739092999,2,1,0,5065.545162576621,0,0
2.1222173266094826,1,0,0,3947.2670978591577,0,0
3.000126589637121,0,0,0,5268.757047045519,0,0
0.1,1,0,0,2731.7841765701737,1,0
1.3367955375929412,3,0,0,4349.432529939546,0,0
2.2626887607642514,3,0,0,3142.7871179443,0,0
5.114859325912542,2,0,0,5667.897641743356,1,0
5.591025321246278,3,0,0,5387.563694160762,0,0
2.9612057280692152,2,0,0,3586.6489722281685,0,0
5.274660150884106,3,0,0,8288.374557980876,1,0
2.979876319612787,3,0,0,3684.947217318814,1,0
3.9906638498226554,3,0,0,4328.419100197245,0,0
11.801199139898557,70,1,2,60189.84226802326,1,1
2.9024314909217863,0,0,0,4120.83226162171,0,0
3.2978679310222754,4,0,0,7598.061726099018,0,0
3.5481660965461175,4,0,0,5175.497416799184,0,0
2.7456204412540646,1,0,0,4314.998538309406,1,0
25.489052294088737,28,1,1,28381.43860540792,1,1
5.141227925526757,3,1,1,3243.464074519993,0,0
4.281359790865249,4,0,0,5820.719106582077,0,0
4.783176171530811,2,0,0,7000.661674627358,0,0
8.618720123853334,0,0,5,5373.855693029318,0,1
0.7462448159386543,2,1,0,7687.331140887525,0,0
3.7195357958962956,1,1,0,4016.8831581901245,0,0
55.25078128101701,59,0,1,56676.94943390541,1,1
3.1618206665145494,1,0,1,1039.256303528026,1,0
3.346923034115047,0,0,0,3134.063994759087,0,0
4.618318558544608,6,0,0,5143.630451020027,0,0
5.220148805570874,2,0,1,5877.105969446224,1,0
40.344609483117225,60,0,0,81687.78543606377,1,1
1.6446983301355917,1,0,1,2525.2970049889273,0,0
2.9971223999864187,0,0,0,6720.804101369436,1,0
5.219193215778289,4,0,0,6377.908252514004,0,0
3.83117475198614,2,0,0,7073.946600995612,0,0
3.1611730540459746,2,0,0,5249.372439582636,0,0
4.185510872677056,1,0,0,6433.481402676283,1,0
54.38580152153953,64,0,0,62938.72046794456,1,1
4.29895295762573,2,0,0,2652.4850061150096,1,0
47.59212623864577,58,1,1,104976.88368724908,1,1
37.99206623609981,52,1,0,120574.97390673107,1,1
2.0346583125740283,1,0,0,1901.554407630651,0,0
4.404854033785182,2,0,0,3912.932024542806,1,0
3.2750133209976315,2,0,0,6878.929970013047,1,0
2.0,21,0,1,28021.63986554231,1,1
71.30385062271182,54,1,1,31821.604949386718,0,1
3.7960409070370993,3,1,0,3885.3036003364587,0,0
5.347077032504856,2,0,0,4744.398528375802,1,0
22.101491561064257,24,1,0,56265.73423184987,1,1
2.7151142384666143,2,0,0,3612.9322622529785,0,0
3.89033204235835,1,0,0,6527.289315865428,1,0
5.303633987993988,2,1,0,4749.19111753094,1,0
9.751675830211,20,1,0,11868.67902347109,0,1
3.5700349485729195,1,0,0,1972.6248105776394,0,0
5.1926987513209575,2,0,0,5078.058412058586,0,0
2.777891393178369,5,0,1,3240.7514252418596,0,0
6.449496104422258,2,0,0,2276.840412579948,1,0
3.5408875164852622,0,1,0,6414.617577084677,0,0
3.7876439609588965,0,0,0,7922.121387590847,0,0
20.606320638027498,3,1,8,1272.1977118151522,0,1
1.5608583702871979,1,0,0,3300.9928558582815,0,0
2.4398355504757276,4,0,0,6064.550390654032,1,0
3.559578477651267,2,0,1,3703.6967094115125,0,0
4.983756497284684,2,1,1,2569.4445084009753,0,0
3.6721490459043054,1,0,1,3381.9504368738953,0,0
4.613584451241287,1,0,0,5098.797963039802,0,0
3.96148607909246,1,0,0,7036.9472400781,0,0
1.7799143814799854,3,0,0,6480.567319638869,0,0
5.055811482921198,2,0,0,2683.801336120653,1,0
5.0585135142997775,0,0,0,3199.226862259561,0,0
5.686347856849372,0,0,1,4254.363762705981,0,0
14.386744353036207,25,1,1,48115.9559608827,1,1
3.3387897544748286,1,0,0,748.7717514614778,0,0
3.4016612962387667,2,0,0,5509.790151347674,0,0
2.409388241663142,2,0,0,5356.639896342035,1,0
0.8896287515972068,2,0,0,5457.267111969842,1,0
22.693504867975914,1,0,9,4608.458361188091,0,1
3.325909737342936,2,1,0,8140.745981269043,0,0
2.251056602191272,1,0,0,7222.840417430756,0,0
2.262378870404798,1,0,0,4131.882568380814,1,0
3.8158155061682706,1,0,1,3890.3182752827897,0,0
3.7068756867688406,3,1,0,6759.363145997973,0,0
2.7788362651227487,0,0,0,4425.792289137446,0,0
2.143584507717308,6,0,0,4762.056987752458,0,0
2.175671068304876,5,0,0,3369.2098139742516,1,0
27.300596279339356,0,1,8,6587.752165092413,1,1
2.8575520341109923,1,0,0,1466.7845756879556,0,0
2.485820773703431,3,0,0,4672.289555930168,0,0
28.235490001207715,4,1,4,1555.7624984830766,1,1
5.677752603108196,0,0,1,3092.927549915766,0,0
2.715666732691082,3,0,0,3391.585200011639,0,0
2.9200456965132684,1,0,0,3578.6895139894655,0,0
25.603918435259455,5,1,9,3388.4070827715113,1,1
1.9170081903949325,2,0,0,7558.326331393049,0,0
3.6586300183943643,4,0,0,5701.354975868246,0,0
4.060274461348576,3,0,1,6352.064215865782,0,0
37.90508804682373,52,1,0,92636.98115058221,0,1
25.65385540376511,4,1,11,1401.9347714022224,0,1
0.9596348436117386,2,0,0,100.0,0,0
2.498315741466185,1,0,0,100.0,1,0
3.1269919210991457,4,0,0,5634.29308735652,1,0
1.7599424296246582,2,0,0,4746.495367651865,0,0
3.225121695517536,3,0,0,8401.369450318429,0,0
1.474163488347538,2,0,0,7583.882273245141,0,0
2.3468887905840567,1,0,0,4586.530226620219,0,0
1.660304067622706,1,0,0,5261.645059793101,0,0
41.48797502375695,60,1,0,77291.32754502243,0,1
1.7459143277313194,3,0,0,5562.023806440242,0,0
4.513649705601008,3,0,1,3680.159465485255,1,0
2.831754149834124,1,0,0,4713.130062499369,1,0
15.812660434916431,24,1,0,48525.032250259945,1,1
1.7911233320734625,2,0,0,10338.77214351354,0,0
2.2163813528534653,1,0,0,4214.275569379625,0,0
3.298857061873859,3,0,0,9561.867951825967,0,0
3.019855009202505,2,0,0,3415.371214526049,1,0
2.5758063762786447,1,0,0,3359.4642220886626,0,0
4.690861810452049,2,0,0,5189.675394980058,0,0
3.0945035525020494,0,0,0,1121.0685921660674,0,0
2.521340104483653,4,0,0,6000.099128676934,0,0
4.537135100626159,1,0,0,6646.635903550028,0,0
4.186209182535121,0,1,0,1858.5339914541414,1,0
12.192282392433471,24,1,0,25136.91269075656,1,1
1.0552915078878584,2,1,0,8055.804273756159,1,0
3.740147982275543,0,0,0,6484.743536088966,0,0
23.57873910709274,24,0,0,19221.114051114855,1,1
1.1717804093645579,0,0,0,4307.106237418725,0,0
2.8715890533882784,6,0,1,5202.019136749483,0,0
3.4996055589273825,2,0,0,8407.39259744968,1,0
2.545197574934254,1,0,0,4681.19770833524,0,0
0.7167010872128574,0,0,0,4199.5029457097135,0,0
5.87315203735929,1,0,0,4590.9486147471525,0,0
3.651635465318786,1,1,1,6456.040708910959,1,0
21.49270235130841,30,1,0,28866.192438041806,1,1
22.670565801325914,66,0,1,88348.66021523625,1,1
3.1521711459750743,4,0,0,7649.549644887742,0,0
2.830247385406654,3,0,0,6210.387424437363,0,0
2.056581967600838,3,0,0,6039.955132696008,0,0
2.258490074725959,4,0,0,4675.996114356895,0,0
3.4446270012129894,1,0,1,7884.406505027373,0,0
4.68126097710475,1,0,0,5129.176455477292,0,0
3.6245522222084325,3,0,1,8509.237606960625,0,0
2.4033331290896878,0,0,0,6591.97997689661,1,0
3.448377228876226,1,0,0,3090.739353121543,0,0
3.0,2,1,12,914.8428139803473,1,1
1.2114070043363498,0,1,0,2833.6995478885588,1,0
2.5342740357060842,4,0,1,7509.10529230405,0,0
18.091237927776728,4,1,4,3191.5297650427065,0,1
3.099818723788807,3,0,0,2002.628649103914,0,0
73.1095829998644,58,1,1,28346.03298279037,1,1
26.81403945100567,5,1,11,1689.5008607565571,1,1
2.8142860585055107,3,0,0,4215.866945651771,1,0
5.581154746748975,1,0,1,5744.724334826246,0,0
12.50016962667522,25,1,0,14916.47137577651,1,1
2.691843663198555,1,0,0,6882.075472649748,0,0
2.821457240099812,2,0,0,6862.366829678367,0,0
0.1,1,0,0,4972.309211161287,1,0
2.0757373737382143,3,0,0,2266.865230382999,1,0
2.6583516816279857,0,0,0,9187.835391109118,0,0
3.669796764044916,6,0,0,5516.430340979973,0,0
1.4703597219278048,1,0,0,3651.9528540579977,0,0
4.111922650477532,1,0,0,3608.5017221062953,0,0
1.7910095867523035,1,0,0,7116.766273175359,0,0
4.1652115482977194,1,0,1,6698.3053823192,0,0
3.1941143053438035,5,0,0,100.0,0,0
3.9501323115410236,1,0,0,5832.010095307507,0,0
2.506185902461488,5,0,0,2089.2342251785367,0,0
6.0014446523852305,3,1,0,2181.8012537767704,0,0
1.6233696938737288,3,1,0,6909.90273701838,0,0
27.011812454998193,68,0,1,118528.92690871321,1,1
3.9469120951823644,2,0,0,5387.420546804034,0,0
1.4400238406392567,4,0,0,8009.856635625928,1,0
2.1642442094203505,4,1,0,8061.770546263527,0,0
24.972371106045397,4,1,3,2014.9896213111213,1,1
3.368056513492998,1,0,0,2012.275479947819,1,0
3.884320329053403,3,0,0,4772.470363406114,0,0
23.726361574603224,77,0,2,112800.41000800524,1,1
3.263550684247275,2,0,1,5974.511138413921,1,0
16.678680219884797,23,1,0,33164.049457498855,1,1
4.260330244041296,2,0,0,4216.402951863626,0,0
4.964288454771601,2,0,0,5598.038161263534,1,0
3.373554183460413,4,0,0,4984.624407884325,0,0
3.615318023519327,0,0,1,5959.3286405583385,0,0
0.6280338277335109,1,0,1,7597.686620188781,0,0
0.3495571528049184,0,1,1,8098.540333266952,0,0
39.37568092353466,75,1,2,71497.706756894,1,1
0.1,3,0,0,5165.968897154589,1,0
3.044135363377459,2,0,0,3526.587439528772,0,0
3.0389431701502576,0,0,0,2226.0161690108116,1,0
2.2737458499996324,2,0,0,4338.739936405333,0,0
3.0905788926366258,2,0,0,1613.650551794196,0,0
1.7217617910516094,3,0,0,5379.147388325741,0,0
0.31991010923263463,1,0,0,7609.012006787204,1,0
1.8548410240340092,3,0,0,3574.1122168691804,0,0
4.1792989029793715,0,0,0,1555.8406227279797,0,0
26.40648246862338,31,1,0,42824.52928150025,1,1
5.472168242735819,1,1,0,5696.652301758959,0,0
2.6317477653967485,2,0,1,3977.7776856659407,0,0
3.243089338594312,0,0,0,8816.270857747386,1,0
1.6456092328694605,2,0,0,4199.144176843958,1,0
20.323416579030447,4,0,8,5707.344243573605,0,1
48.74118936951947,70,0,2,81420.18210395954,0,1
32.49839098198776,2,0,6,3002.702460132821,0,1
2.2099269120806877,3,0,0,5153.994300743208,1,0
2.984705826562431,0,0,0,1141.6542932023258,0,0
6.139752463395892,3,0,0,6220.405942112363,0,0
1.3000691789947791,3,1,1,3855.093447391947,0,0
2.3795921358833727,1,0,0,4827.1991050863135,0,0
0.6845621962168775,3,0,0,5393.514510226876,0,0
4.052930439331905,1,0,0,2914.8797407470024,0,0
1.3918004678597113,0,0,0,1665.4792673134148,0,0
4.992946600274154,1,0,0,5851.714731173101,1,0
16.517614689938547,3,0,5,759.9516121204829,0,1
54.11864790179979,67,1,1,85554.97866302042,1,1
0.3975358769318511,2,0,1,6877.031294150444,0,0
0.5173569852222242,2,0,0,6631.127441324961,0,0
17.218249847180623,7,0,9,3621.648732175916,0,1
0.678250750890133,1,0,0,2646.488476565058,0,0
25.430944501988396,4,1,7,1609.262169260147,0,1
17.484727245843715,16,1,0,58345.955839716946,1,1
4.960499330106024,4,0,0,5982.250026456191,0,0
1.4142676887925885,1,0,0,4510.163051150341,1,0
0.25740703283774646,5,0,0,7738.039490189045,0,0
2.2766512819456186,0,0,0,4908.190279078921,0,0
10.855169700466405,27,1,0,43378.46732615731,1,1
0.1,5,0,0,5496.823846633778,0,0
2.00839635628929,3,0,1,5673.086345535585,0,0
5.701485901033106,1,0,0,4826.655914362724,0,0
5.182568364406067,2,0,0,7418.0939372116445,1,0
48.445100199483036,63,0,1,138064.62612905542,1,1
5.400070921979412,1,0,0,7403.4188585819775,0,0
0.1,1,0,0,7295.465584291314,1,0
2.781284312866776,1,0,0,6403.872448029678,0,0
4.438209984016441,1,0,1,4305.280479706379,1,0
2.645804862333022,1,0,0,1159.3250634214828,0,0
10.102193920981824,4,1,4,1940.4780387446567,1,1
0.6276084008190868,2,1,1,6222.9001575417915,1,0
2.6360714288995886,1,0,0,5732.19928217938,1,0
0.626749475809623,1,0,0,5103.266980122853,0,0
33.21535011063153,61,0,1,90807.852210123,1,1
2.754069749959505,2,0,0,6296.392166212372,0,0
1.1373667066824111,2,0,0,100.0,0,0
1.1664385311901453,3,1,0,4795.0833810433705,1,0
5.443405421435987,2,0,0,4356.859663572797,0,0
21.674019898331586,4,1,9,100.0,1,1
36.152277747134065,60,0,0,82809.91816800894,0,1
3.3175706762558956,1,0,0,5072.016088000135,1,0
3.092874725519939,0,0,0,6737.329026761892,0,0
1.8005138665535338,3,0,0,6888.097069366808,0,0
30.27845679347908,3,0,6,4112.318242982569,1,1
11.891620037900049,27,1,0,53651.685979208305,0,1
3.3864606313817407,0,0,0,4103.472297563529,1,0
4.441101461391696,2,0,0,5615.429896444123,0,0
1.1245266916152805,2,0,0,6034.47548103933,0,0
3.7668327218213022,1,0,0,2347.5758680784156,0,0
44.49812725702242,64,0,0,71503.13774115458,0,1
1.962099455738085,3,0,0,5318.719943477732,0,0
31.77012274996529,2,1,11,2613.244758368613,1,1
3.255937617809689,1,0,0,6630.331120596937,1,0
4.304641780747435,0,0,0,4156.903369926098,0,0
1.439098717737743,2,0,0,2374.1076598309182,1,0
33.26895657323901,0,0,4,533.9386002940355,1,1
1.989222467729159,2,0,0,2368.7243812077454,0,0
3.833040342762863,2,0,0,3291.012756827543,0,0
2.3717268841124426,4,0,0,3833.1047444943697,0,0
48.86419890073996,51,0,0,91781.77210988657,1,1
13.59590095874682,32,1,0,72917.52139528342,1,1
2.4273931590025066,2,0,1,5799.343523512125,1,0
2.122688797600499,1,0,0,2850.8181719834815,1,0
3.9773109309659382,1,0,0,5683.608450199351,0,0
2.7227064546821094,1,0,0,6717.829819524823,0,0
7.221671179899242,1,0,0,2668.449672927842,0,0
4.013409949746718,2,0,0,4690.831889118951,0,0
12.444517603545009,32,1,0,43079.45950273091,1,1
1.7751373388166376,5,0,0,2651.442671227483,0,0
1.8237865597943868,2,0,0,4760.261307395865,0,0
1.8352883877774542,0,0,0,2214.0392546999196,1,0
3.9252212995346696,3,0,0,3580.5373595872998,0,0
2.128559717202775,3,0,0,4957.7384439774705,0,0
4.74524372145971,3,0,0,2581.8365980478993,0,0
21.382491449062705,24,1,0,34679.353021868046,1,1
21.21455553054384,3,1,6,2924.58615025215,1,1
4.460495267016135,3,0,0,5582.037598288585,1,0
28.590955931639588,59,1,1,62933.331255791025,1,1
2.0031199916121047,4,0,1,5858.290086878997,0,0
4.867421067969668,2,1,0,8481.663185163017,0,0
11.88199642916644,5,1,7,4184.153973025068,1,1
1.969593567501231,1,0,0,4519.498332033661,0,0
18.207256829557217,17,1,0,65451.896399452155,1,1
4.076022686413015,1,0,0,7807.5180004189215,0,0
6.48468592328879,23,1,0,21084.726275301186,1,1
3.5169678393540784,1,0,0,6347.729532743853,0,0
26.265137351218872,23,1,0,49422.851673105935,1,1
4.210512422916706,1,0,0,2325.6794656700336,0,0
2.4071337824947925,3,0,0,5069.57969691086,0,0
3.3291040046308584,1,1,0,4282.656590426795,0,0
14.080316200068664,5,0,5,5088.403601620825,1,1
5.282550679105438,4,0,0,6983.919027929338,1,0
2.2719056956288153,2,0,0,3423.563012327835,0,0
6.309787960710603,2,0,1,2101.053901221689,1,0
4.201078682504483,4,0,0,8778.51308692891,0,0
18.830323144296177,5,0,6,2090.062626256099,1,1
2.661852826157851,2,0,0,7675.138668296644,0,0
2.4104205936209557,2,1,0,4207.357760186392,0,0
4.781451589081682,2,0,1,5619.327813223555,0,0
3.5381941258593814,0,0,0,3516.0770009366224,0,0
2.974744914399861,0,1,0,5323.490865933207,0,0
0.1,2,0,0,4119.852995387645,0,0
1.7523582386057854,1,0,0,4615.44944817233,1,0
12.962213624324328,2,0,8,3408.7777177800904,0,1
1.176163613843804,1,1,0,5721.962020966663,1,0
23.336867837043826,64,0,1,92448.26745837874,1,1
4.186202581768484,1,1,0,1035.140478375788,1,0
2.9145681881797065,3,0,0,4204.229558893221,0,0
4.1461716082526845,2,0,0,4493.515884101572,0,0
3.2963344237912553,3,0,0,6357.6599167081,0,0
3.3700247244161163,3,0,0,4446.7624570226135,0,0
1.2229730345065137,4,0,0,7855.587327760315,0,0
3.277988474123073,4,0,0,5804.181414420938,0,0
1.978605683394088,2,1,0,7125.83876278668,0,0
0.5713922698227529,4,0,0,10074.874284333835,0,0
3.4333750007530606,3,0,0,4344.997866347622,1,0
4.153448807360618,0,0,0,3736.5625976020756,1,0
3.794120110688583,3,0,0,2845.7857827382663,1,0
1.0922172232486727,2,0,0,2643.786467508947,0,0
2.0522764663758286,1,0,0,5414.403396607018,0,0
2.5425401719303498,5,0,0,5479.201762964293,0,0
3.1289985975078234,2,0,0,5941.706981794425,0,0
3.9016377561214406,3,0,0,6431.225220520137,1,0
2.826751681051598,0,0,0,4924.35625346594,0,0
3.8711656429946952,2,1,0,8653.930315317,0,0
13.751373456957623,18,0,0,49322.89580191948,1,1
1.8955903251924968,2,0,1,2131.651714953886,0,0
4.987433519072447,5,0,0,4105.991358167957,0,0
1.331382792024873,2,0,0,3922.847763074711,0,0
2.5460703607943302,1,0,0,5163.780087486494,0,0
4.533610838040708,4,1,0,3287.882010138699,1,0
3.1019799390766334,3,0,0,4263.691832736142,1,0
0.700702682470939,2,1,0,5150.7994783762615,0,0
2.8980296160233925,0,0,0,2453.598951935894,1,0
2.8748268251601097,3,0,0,5379.152135844952,0,0
4.972211807258858,0,0,0,1282.869086983852,1,0
1.415601887563998,3,0,0,5848.112552453812,0,0
4.4678892954974465,2,1,0,2269.481086458114,1,0
5.995944796121991,4,0,0,4577.485866798091,0,0
1.639594522356149,2,0,0,6666.187515224815,0,0
3.185610021617085,2,1,0,100.0,1,0
2.836282272657998,2,0,0,5984.396881212844,0,0
2.4377378056535854,3,0,0,5168.513918529329,1,0
4.253711844471505,4,0,0,5486.547411361381,0,0
0.44583208216003545,3,0,0,5612.487554794658,0,0
2.19435451565083,3,0,0,9770.092796532484,0,0
2.502767741854118,3,0,0,6803.4051362731725,0,0
5.146648748383946,0,0,0,6309.849574840299,0,0
3.5955474034409702,0,0,0,4819.3733014041745,1,0
1.828213460779491,3,0,0,3650.971321508283,0,0
2.7787069796394706,2,0,0,3913.630265913905,0,0
2.5364664522056257,2,0,1,8402.168612436371,0,0
14.826778971202879,24,1,1,26578.518705732597,1,1
3.401310429189831,4,0,0,3969.971625505939,0,0
2.1977829926721633,2,0,0,4931.08373440445,0,0
56.15082121330714,71,0,0,95093.65359527539,1,1
3.8267875930525412,2,0,0,6639.020911437686,0,0
0.28845471033760095,4,0,0,2637.6547881375,1,0
2.565186576787695,2,0,0,4741.87674874525,0,0
2.6447246032354736,3,0,1,8923.92128589606,0,0
1.7951398620724424,1,0,0,7661.432893239811,1,0
3.988196052549289,2,0,0,4235.016537065954,1,0
3.3531725524648954,1,0,0,3386.096249679945,0,0
2.608103413438119,3,0,0,6681.201956950183,0,0
1.9536641901055378,3,0,0,5421.972014437179,0,0
4.602693100866447,2,0,0,3824.010240240237,1,0
21.797220702431275,23,1,1,33691.8411624639,1,1
1.648448956117572,1,0,1,5771.337452821205,1,0
1.3709481704487787,4,0,0,4223.608314148289,0,0
2.462974967888356,2,0,0,3521.334218564926,0,0
2.869560036590969,0,0,0,572.1969969681159,0,0
0.9340265167194488,3,0,0,4680.163048230769,0,0
1.5078403214570328,4,0,0,1153.0186288828668,0,0
14.360848624567513,26,1,0,31616.18956390657,1,1
1.8697086294639331,4,1,0,5094.6552381397,0,0
8.921605214690038,17,1,0,18458.9511571972,1,1
3.1021514451565784,3,0,1,2615.2325874166568,0,0
23.981573562566393,4,0,5,4708.909871084485,0,1
3.0241941229140057,1,0,0,4608.94227851912,0,0
22.021194596139217,6,0,7,4730.0649485044305,0,1
3.3493170302057527,2,0,0,5931.302718166708,0,0
4.125182718205417,1,0,0,4938.633645270433,0,0
2.1244794647907277,1,0,0,8918.27454654529,0,0
3.1726970512617143,2,0,0,1164.927583084705,0,0
4.768431867887473,1,0,0,3677.8017356311134,0,0
44.45211934173174,69,0,2,73087.99420138278,1,1
0.5034654100046989,1,1,0,5495.33395697789,0,0
3.3552391751820414,4,0,0,5833.051409501474,1,0
7.5892968434952355,4,0,0,5307.643211830001,0,0
1.8431547506480417,1,0,0,8270.555855924544,1,0
2.3308959323117495,2,0,0,6037.947591655215,1,0
4.888672274002104,3,0,0,7208.452661490886,0,0
1.2726096998880658,2,0,0,8619.011628121505,0,0
2.2244786625684596,3,0,0,4482.75079939222,1,0
6.351139621196597,0,0,0,4347.6202117586,0,0
3.3129743728100536,3,1,1,1172.0993311923467,0,0
3.375669450391141,3,0,0,3258.090982041887,0,0
0.510604742510393,1,0,0,8828.20750411817,0,0
23.887940641293596,6,1,10,1211.2606579096607,0,1
11.447533394153414,19,1,0,31461.846381693194,1,1
2.2980355300135615,1,1,0,4121.353636651826,0,0
3.8142873367163936,1,0,0,5133.136222198044,0,0
17.458486539443257,26,1,0,47312.839647088054,1,1
0.8850454453741863,1,0,0,5099.448497714607,0,0
3.4902652055820345,4,0,0,4325.298091527533,0,0
9.886992220448287,20,1,0,39117.02438527574,0,1
4.951737522978046,0,0,1,1973.8993496252883,1,0
2.3371349743804646,1,0,0,3312.901819429335,1,0
5.675446823051322,2,1,3,5016.379253961403,0,1
1.3643291211742836,2,0,0,4802.368920212955,0,0
5.225219536318749,23,0,1,53128.1298673616,0,1
4.82322362474654,1,0,0,6035.439729166045,1,0
3.055841754632365,2,0,1,2426.534175238289,0,0
0.6022522019800753,3,0,0,6328.291137314922,0,0
3.334683027609249,1,0,0,5185.667904704939,0,0
2.8159730437573094,2,0,0,4394.576191366053,1,0
1.1619123007963377,2,0,0,7461.986753252586,0,0
0.1,3,1,0,1603.6836512705654,1,0
2.2490727810170204,4,1,1,5303.4500673579205,0,0
2.8290788135176874,0,0,0,5480.118433833827,1,0
6.11547079358063,2,1,0,2831.9727083831267,0,0
2.066748449618613,2,1,0,3929.7793873270366,0,0
47.5352751743233,63,1,1,77138.00988782222,1,1
1.4125784237435441,1,0,0,2752.867835459811,0,0
2.064598966112681,2,0,0,2056.7041047387056,0,0
0.1,1,0,0,3677.7985196954974,0,0
1.739765284556208,1,0,0,6142.413006339792,1,0
1.500431656995928,2,0,0,5358.708174878508,1,0
4.587829224212723,1,0,0,3339.96109876846,1,0
4.103374638642561,2,0,0,2937.2249996769992,0,0
0.572659095722412,0,0,0,4423.181894552102,0,0
11.45162328171076,59,1,1,46633.82536677492,1,1
4.4567085102343675,4,0,0,3566.6784793075103,0,0
0.17164064333479434,1,0,0,7933.04965601198,0,0
2.4119403061939027,2,0,0,3649.5665672978603,1,0
3.9758891817370516,0,0,0,7764.726424902072,1,0
4.3170878683623,2,1,0,5473.8680015835425,0,0
4.853674339491212,2,0,0,4988.7773665424575,1,0
2.938856210796849,2,0,0,5692.389904679151,0,0
3.699266493295966,2,0,0,3557.12601560658,0,0
3.141704987729457,1,0,0,7095.0839326058,0,0
2.020805559231308,1,0,0,2278.46995022499,0,0
16.575346388958934,2,1,14,1558.3486334400468,1,1
47.45826285563422,60,1,1,115006.21504476212,1,1
4.493452209176748,3,0,0,6534.1551343051315,0,0
33.80760849630187,2,1,9,3609.303186865299,0,1
34.011339756864245,64,1,0,67693.0704251818,1,1
0.7933271484226645,3,1,0,7786.649721999458,1,0
3.254559817714218,2,0,1,8063.262920111406,0,0
4.83905086486602,3,0,0,7859.099265370555,1,0
4.940264952689056,1,0,0,4860.027759833638,0,0
3.5451815067586097,4,0,1,6815.660190518987,1,0
49.826375187381714,64,0,1,84026.7864592236,0,1
2.9226482407856795,2,0,0,7419.136135382531,1,0
4.962369910319865,4,0,0,6103.533754628601,0,0
2.3874170591179102,4,0,0,7835.97273848825,0,0
6.57579155697281,4,1,0,8900.597277556712,0,0
2.9232043322751045,2,1,0,7938.746426710593,0,0
1.2225843503744631,0,1,0,1749.154167777337,1,0
4.125676793709686,2,0,0,2816.237832480606,0,0
2.7075301708203194,3,0,0,6488.176960612422,1,0
1.0246123895505805,2,0,0,3275.4128883509475,0,0
3.317079712572401,3,0,0,8104.790446547854,0,0
4.453496805413787,4,0,0,6154.043841872227,0,0
2.647274030078347,4,0,0,9371.0999389397,0,0
2.33923820872801,1,0,0,4703.08761813819,0,0
5.14429796185266,2,0,0,5125.518044888295,1,0
3.4812744694869107,4,0,0,1099.3006192145872,0,0
0.9797961768306518,2,0,0,4769.535317756907,0,0
0.1,2,0,0,1305.9037260922423,0,0
3.152888831058986,2,0,0,9892.776585186833,1,0
16.029048588618227,4,0,7,2109.186594608268,1,1
5.045775487399034,2,0,0,6684.802465959267,0,0
1.5833656823953628,2,1,0,6857.7585676806175,1,0
2.7321420481592193,2,0,0,4461.19543175513,0,0
13.22796934505502,30,1,0,44970.58541405643,1,1
2.520493175464048,2,0,0,3140.1952736098165,0,0
2.5090418546174638,3,0,0,3569.4478426037567,0,0
3.7647310616641767,1,1,0,8957.63357308246,0,0
5.903071775293665,2,0,0,6340.717754425799,1,0
0.1,1,0,0,5007.000848720555,0,0
2.610578952981338,4,0,1,2571.642709183302,0,0
64.20326979150191,50,0,0,87321.68426902306,1,1
57.21481416637897,50,1,1,40513.13136134753,1,1
0.2072322701362328,4,0,0,818.8109090907101,0,0
15.96541100456621,5,1,11,1446.022615633038,1,1
3.9406644002237483,2,0,0,5169.239429665174,0,0
4.237406834421154,1,0,0,6511.621721620507,1,0
1.6262647840553432,1,0,0,4815.546891989737,1,0
5.071918523338389,1,0,0,6110.011489964676,1,0
20.210828140835325,1,1,5,3149.1087231445827,0,1
1.3600142131689261,0,0,1,3062.546706773801,1,0
0.1,1,0,0,4177.356195117993,0,0
3.2928945472196594,2,0,0,6457.087946845545,1,0
3.5669564969920478,0,0,0,4170.124491850591,0,0
5.038830900443418,4,0,0,2787.470100802523,0,0
4.235581390565688,4,0,0,8405.722384411247,0,0
15.350719826897231,31,1,0,56754.12740920996,1,1
4.3625899459009565,1,0,0,3676.0651965556663,0,0
2.4438327458069073,4,0,0,6638.599027445294,0,0
2.3875002557599965,2,0,0,427.7985708497963,0,0
4.319096962294243,0,0,0,8269.261290702269,0,0
1.8517570484366264,0,0,0,5279.900310180354,1,0
4.451199409387517,3,1,0,6941.637923977917,1,0
1.3894463809232986,1,0,0,2398.4284847753843,0,0
3.6895589325224813,3,0,0,2235.462526567076,0,0
2.801657015203242,3,0,0,5770.467783280384,1,0
31.105874353525166,58,1,0,76437.80228686979,1,1
2.066988714147468,2,0,1,5627.7792804030005,0,0
0.9841516324629995,2,0,0,4340.507161045912,0,0
1.8027699633677492,0,0,0,240.18533729383125,0,0
23.097283444748538,64,0,0,76155.47017893921,1,1
19.12657588769475,2,0,10,3247.6028976337066,0,1
1.6147803301000445,5,0,0,1182.719062064839,1,0
2.907726480593044,2,0,0,100.0,0,0
2.835408822458565,1,0,0,3084.6777719456477,1,0
3.098298871245076,2,0,0,4350.010715526833,0,0
4.136665141404281,2,1,0,4922.93180007685,0,0
3.7950970584022,0,0,0,5170.6984688570865,1,0
2.9164724210250084,1,0,0,6531.637454921728,0,0
14.344987180075373,3,1,9,4425.9938156287435,1,1
1.1849207254664487,1,0,0,2446.1277647915026,1,0
4.5737604321620235,0,0,0,3930.567431179579,0,0
3.712045632694803,1,0,0,3631.345013868159,0,0
5.207237959489736,3,0,0,4260.355622069721,1,0
3.0,2,0,5,2690.4165349010436,0,1
2.376964109730472,0,0,0,5302.163714759441,0,0
19.224261652717107,17,0,0,42870.83170193825,1,1
2.4046292381433125,1,0,0,7608.519401147943,0,0
20.719217130460763,50,1,1,77765.1369089232,0,1
1.7087374822146448,2,0,0,5509.729770493573,0,0
2.6347079374127076,3,0,0,3424.5932861074625,0,0
4.150300939993591,1,0,0,4031.7035044761087,1,0
2.1719629064826353,3,1,1,2545.203510417052,1,0
20.272661813464964,18,1,1,62577.30076269469,1,1
3.9131422083366596,2,0,1,8003.980372602447,0,0
3.444574530175132,2,1,0,3768.045811772053,0,0
15.476756433320029,33,1,1,54281.5717435355,1,1
2.1239560001669884,2,0,0,7267.900785729294,0,0
4.519073726729743,1,0,0,6840.994953548917,0,0
3.151405187602732,1,0,0,5750.489619123519,0,0
4.1936670146163495,1,0,0,5151.816310972657,0,0
3.1080264628755785,4,0,0,8308.335377425496,0,0
0.9092472719480615,4,0,0,3045.2743014027133,0,0
3.474741392509962,3,0,0,6578.243634877856,0,0
0.1,0,0,0,5527.026981622537,0,0
3.7744463581521766,2,0,0,3560.915996898213,0,0
6.193870668042447,2,0,1,2094.76412151197,0,0
1.9538642650495848,1,0,0,7040.190636090761,0,0
4.595777299101538,2,0,0,7368.433506744568,1,0
3.989226321377844,3,1,0,6919.760799164123,1,0
6.364380468604478,1,0,0,1618.1070174764322,0,0
2.9057899152840667,3,0,0,4807.788338730441,0,0
2.2440633878840845,0,0,0,5166.9546374139445,0,0
15.685448477560564,25,1,0,22239.110317492967,1,1
4.785458555265176,6,0,0,7664.300543960117,0,0
19.498051226542714,21,1,2,23247.61899132017,1,1
3.398292973674708,4,0,0,7683.52913561907,1,0
2.007874661539776,1,1,0,7903.334085048163,0,0
15.992474302705968,59,1,2,76774.93268003031,1,1
3.138531057381687,1,0,0,6018.76470495209,0,0
3.9594396142468526,1,0,0,4442.539442426991,0,0
2.4476265648179543,3,1,0,4948.45069727204,0,0
1.030248422700094,3,0,0,5243.685906349527,1,0
2.7612226929299086,2,0,0,5793.467556845185,0,0
1.72096032804777,2,0,0,2265.1838599207854,0,0
0.5701920084123451,1,0,0,7851.145642155479,0,0
4.766117833466541,1,0,0,2720.066517531925,0,0
3.5626622456312864,2,0,0,6366.816055333564,0,0
4.8977399182324906,1,0,0,1179.2186908477534,0,0
2.605389863315471,4,0,0,5901.080815193531,0,0
2.110169722694461,1,0,0,8323.623233887482,1,0
5.329374767587671,2,0,7,5795.6372354931345,1,1
1.7110613056751427,2,0,0,7266.599424826281,0,0
1.3870674296679382,1,1,0,3547.0206545987094,0,0
4.154843971912147,1,0,0,6896.593915747001,0,0
5.131613907104676,2,0,0,6842.942349895061,0,0
2.5231401770573063,0,0,0,4424.492193701564,0,0
3.4094336322950833,0,0,0,7964.943774273175,1,0
3.6072826314535633,1,0,0,2715.903245832699,0,0
3.3048104000908576,1,0,0,7525.305971195501,0,0
2.9316628098681887,2,0,0,6418.729413730667,0,0
0.3375854331319097,1,0,0,6743.997766589277,0,0
1.7632781764631407,2,1,0,4416.4881892931135,0,0
1.412195877032386,3,0,0,5690.540929521108,1,0
46.59407725394447,63,1,2,8810.966352278789,1,1
2.3836091537493944,4,0,0,6939.0986278698365,0,0
3.5356930144069816,1,0,1,4681.704537051967,0,0
3.388931462302362,3,0,0,2796.7883585898658,0,0
5.90069022778228,0,0,0,4962.902282878616,0,0
5.052704090647694,0,0,0,3534.4840689699636,0,0
18.483650886134466,24,1,0,26235.6416005042,0,1
3.004662825278455,2,0,1,8079.623504824152,0,0
1.434083892797037,4,0,0,7571.186445600451,1,0
2.592935260602413,2,0,0,5190.77697826084,0,0
1.1598468981725456,3,0,0,4687.9610023813075,0,0
0.23381932324871268,3,0,0,5520.035496306901,0,0
1.7996824550972246,0,0,0,3472.051983072719,0,0
52.321908283085165,60,1,0,73418.8784578277,1,1
79.75309832655134,55,1,0,104134.98829065544,1,1
1.7901016435389412,3,0,0,3791.934265116638,1,0
30.673788288029286,2,1,8,2363.4540056064407,1,1
1.0704099973744543,1,0,0,4707.801654218935,0,0
3.295164144985436,1,0,0,4175.318080563676,0,0
1.6652940159773848,1,0,0,100.0,1,0
3.4644301228637504,3,0,0,4872.09533624335,0,0
0.1,1,0,0,5061.2766490303375,0,0
31.12814269027983,5,1,10,2566.5528009907316,0,1
14.17237013001084,8,1,6,306.8009831795248,1,1
2.8681402689461777,1,0,0,4015.758370503281,0,0
46.395419098720545,46,0,1,78445.69758537684,1,1
3.4238804743789446,2,0,1,6113.513459426456,0,0
3.0463759170490485,0,1,0,6055.769886785209,1,0
0.1,3,0,0,3574.7741896488315,0,0
18.71595179339713,3,1,9,948.7487046209176,0,1
1.880825275585911,2,0,0,2687.312206181661,0,0
3.4702707711752927,1,0,0,3061.544573802663,0,0
2.925614538177091,4,0,0,10124.836204449966,0,0
1.4391209212313503,1,0,0,9045.509625748004,1,0
3.0491731393143913,2,0,0,8037.8259664707675,0,0
0.1,1,0,1,3755.2375583004196,0,0
15.500514705449174,26,1,0,28876.182015801183,1,1
16.438302070453833,1,1,9,4534.528672159378,1,1
2.7332614120669656,1,0,0,3598.470724158571,1,0
4.39895826448668,1,0,0,3635.0215336445144,1,0
2.730582879252812,0,0,0,5777.411816321602,0,0
2.979529812307055,0,0,0,6105.357680929269,0,0
4.016102053038454,0,0,0,5779.0708819120855,1,0
1.6379063515062748,1,0,0,5656.854050795739,0,0
3.2484182253489777,2,0,0,5511.409016481813,0,0
4.307143166922285,1,1,0,6602.932850829069,0,0
3.20988646805867,0,0,0,4697.66526203474,0,0
14.665585796325406,1,0,8,5349.926161556994,0,1
2.864521484617305,0,0,0,4856.210330710021,1,0
3.3426910225984816,1,0,0,7271.562287757483,1,0
18.255498754563757,1,1,12,1753.7244278402934,0,1
1.2716267380848487,1,0,0,7861.765247043248,1,0
4.207320848793568,2,0,0,5663.042631645816,0,0
4.179775126997746,3,0,0,5850.193057862005,1,0
4.173838238572738,4,0,0,8771.743335520941,1,0
61.2941477016885,62,1,1,95023.54924392424,1,1
1.8567061034441266,0,0,0,6475.182737033407,1,0
2.5788998987239324,0,0,0,4178.876935116192,1,0
5.996271266707144,0,0,0,4260.087366596627,0,0
1.838234907729907,2,1,0,4844.816754504047,1,0
9.765901589983741,3,0,13,1389.7533176457855,1,1
32.952750362253745,50,0,1,76551.98588739095,0,1
2.335481770137799,3,1,0,7805.057705542129,0,0
4.732968054160044,2,0,0,5093.610683859881,0,0
4.504136737956906,1,0,0,1437.1477725263185,0,0
3.4721194583843817,2,0,1,6113.147558245036,0,0
3.641694597370699,1,0,0,1331.6910932663877,0,0
4.166687903143423,4,0,0,6067.194918100127,0,0
1.0979791247340045,5,0,0,9808.96683733822,0,0
0.6662408825025974,2,0,0,2511.8133605351927,0,0
3.7045910096025727,1,0,0,5227.653734629512,0,0
21.764017726348733,20,1,0,34326.71354265393,1,1
2.601959837528618,0,0,0,4137.589584837234,0,0
1.3708896260812815,0,1,0,3151.591330893765,0,0
4.123220828973715,2,0,0,6038.6458759566995,0,0
23.933995707120012,5,0,11,1544.810207729943,0,1
4.71037992141642,1,0,0,762.166635336228,0,0
3.959904248701187,1,0,1,6244.907227665692,0,0
0.1,5,0,0,3208.1891981428735,0,0
4.948842446679098,0,0,0,8142.383233438479,1,0
3.8526664583919192,2,0,0,6584.108964295094,0,0
5.677977591337092,2,0,0,5690.341183966745,0,0
3.669108302223121,2,0,0,1140.800200199877,0,0
2.491450386149156,1,1,0,2837.1052826424147,1,0
42.248704086846686,55,1,2,94753.29579002009,1,1
4.276291355788789,2,0,0,6490.077175552975,0,0
20.960610902661745,2,0,11,3403.9858351573284,0,1
60.815609396036024,65,0,1,33778.12939592882,1,1
29.189830312090876,70,0,0,92884.01480879016,1,1
4.071170622829952,3,0,0,6048.603701023725,1,0
53.39565352999424,51,0,0,70367.66276067756,1,1
17.81486975218988,17,1,1,51845.5995381322,1,1
0.47569534257629265,4,0,0,2968.6118096325695,1,0
4.915471248297065,1,0,0,6380.750040137149,0,0
13.819955315481543,17,1,0,38975.5592118481,0,1
1.5678122743037677,1,0,1,7487.4906279495335,1,0
13.557121845970034,65,0,0,31660.09880040808,1,1
1.9583021371119704,0,0,0,5425.803327259811,1,0
3.8327185229172467,1,0,0,3902.710325196663,0,0
2.3633059353271535,3,0,0,5883.124808789483,0,0
3.060504608332036,3,0,0,3226.5531794706103,0,0
2.2705381363900035,4,0,0,6886.218206623032,0,0
2.917943344726093,3,0,0,3651.931664103376,0,0
5.149821759909259,0,0,0,7387.457540964516,0,0
52.10827891863032,69,0,1,114117.33997695235,1,1
58.06612553700904,54,0,0,97300.40403721758,1,1
3.836363764237224,1,0,0,6200.655318631025,1,0
51.31226104142247,70,1,2,96458.57532525995,1,1
1.1159178106979428,2,0,1,7103.342597308043,0,0
4.294726108056208,1,0,1,4936.497667868993,0,0
2.054876234616496,3,1,0,4199.358510451525,0,0
4.294638680416362,0,0,0,2817.4562201699105,1,0
31.869936627204325,4,0,9,4367.536407214949,1,1
3.017176937505982,3,0,0,4318.4420945502825,0,0
2.6016892880561455,0,0,0,3407.371911338475,0,0
4.819325537584733,4,0,0,4715.349883087299,0,0
55.28425011031895,57,0,2,79690.26127342935,1,1
1.996635989994871,1,0,0,4827.431681595849,0,0
14.893044687852704,23,1,0,42010.012176837176,1,1
2.6012418121269314,1,0,0,2169.8103037525993,1,0
4.282528986445918,1,0,0,5303.156615309579,1,0
4.059798769346742,2,0,0,4893.895872682618,0,0
4.036593848800315,0,0,0,6769.952874308044,1,0
0.9483691518044113,3,0,0,3801.4444184480794,0,0
1.5041297585977773,0,0,0,8247.843007224485,0,0
3.40514315129593,2,0,0,8662.508399557459,0,0
11.769542841022307,22,1,2,37141.47917317657,1,1
2.837195050972265,1,0,0,1667.444616837372,1,0
1.76716234268544,2,0,0,3687.662376312276,0,0
3.274851655832859,3,0,0,5088.893457718193,0,0
46.843489963091834,65,1,0,202637.69212463897,1,1
3.2694700211700805,2,0,0,8036.734036217127,1,0
2.9075020211901887,2,0,0,4632.177107471956,0,0
2.0959209554546665,2,0,0,9995.641946267115,0,0
4.785620344940616,0,0,0,2524.1075510949386,0,0
4.598970346181465,1,0,0,782.9390774725507,0,0
3.6190989173939827,0,0,0,5165.090340504193,0,0
26.782779800358036,59,1,1,91892.1323755089,1,1
27.33096264857947,59,1,1,102694.10065215171,1,1
1.607513803816459,4,0,1,3566.202382667174,0,0
4.428080479709835,1,0,1,4781.483333935249,0,0
3.765208073420162,3,0,0,4457.321588114532,0,0
1.640353411084255,2,0,0,3425.536785765226,0,0
4.87313665861576,1,0,0,5041.50547972103,1,0
0.1,1,0,0,5143.08949231733,0,0
31.544791465561445,4,1,6,2489.9574389744143,1,1
1.6101360878917126,5,1,1,4921.843788567667,0,0
1.398609346432671,3,0,0,1189.5750723385272,0,0
3.9462002462190298,2,0,0,5105.519074526844,1,0
16.988173008457878,38,1,1,57073.52078654329,1,1
2.6324090232139463,2,0,0,5395.9744283560585,0,0
2.4637048371681973,2,0,0,6910.934808411859,0,0
1.7385762919943129,0,0,0,4037.29759828018,0,0
2.951288514123817,0,0,0,3522.886413734078,0,0
17.811223704667906,18,1,0,29967.15190884595,1,1
4.537382539688099,3,1,0,7243.971593260803,0,0
0.1,2,0,0,4891.34999685706,0,0
3.104071702699168,1,0,0,4540.9670026492095,0,0
3.0968844854148325,2,0,0,4967.5434605744795,0,0
4.383959584181779,2,0,0,5504.945679926039,0,0
1.056988223300947,2,0,0,2256.316019631831,1,0
3.5494994004750655,0,0,0,5589.777529077801,0,0
3.8070516598923767,3,0,0,5418.200188349957,0,0
3.5774264491587946,1,0,0,6462.366657034015,1,0
3.6717205750840654,3,0,1,3135.5848867397626,0,0
40.92424853942132,75,0,0,86937.26481238553,1,1
1.4706232377488355,8,0,0,7418.300057612903,0,0
3.084745037989849,0,0,0,7292.115825800355,1,0
44.74155314952454,54,1,3,76755.86957220346,1,1
2.9242888908278672,2,0,0,3841.616255531971,0,0
4.142782161063695,3,0,1,3773.29347712026,0,0
1.7438048938722108,3,0,0,5715.47751849173,0,0
2.5140228367553545,3,0,1,5139.172240533426,1,0
2.4397290042287296,1,0,0,6704.3758942215745,0,0
3.3826230658016376,2,0,0,4196.0066742313675,0,0
1.3080704647414967,1,0,0,8885.860842342794,0,0
3.231119988223303,3,1,0,5410.308267146041,0,0
7.5273424243523595,30,1,0,53401.90605586971,0,1
5.317848227544839,2,1,0,100.0,0,0
4.114881256805163,1,1,0,6090.42356675601,0,0
5.210417088379643,3,0,0,5311.11546153595,0,0
3.7017296743644854,3,0,0,3491.3528093327955,1,0
3.077547482142922,2,0,0,4290.217341848824,0,0
4.812394238220751,4,0,0,100.0,0,0
3.4552003512250047,1,0,0,6039.663285647324,1,0
3.213638604105848,3,0,0,2375.0747087519094,1,0
0.7550092849156793,1,0,0,4338.0865005898695,0,0
20.884202830689112,2,0,5,5017.34685288501,0,1
1.5741956892213866,4,0,1,4579.718001218161,0,0
1.51941726819467,1,0,0,5484.614131189473,0,0
2.9482877024480505,2,0,0,100.0,0,0
3.4929930034237215,3,0,1,3891.620905876264,1,0
47.202196301017665,70,1,1,71222.49052896247,1,1
1.1629428335241894,0,0,0,6368.232530780734,1,0
3.611592554427058,1,0,0,4324.132920162969,0,0
3.7269652669675537,1,0,0,7153.84344464125,0,0
0.1,4,0,0,1426.2974646442826,1,0
3.143158557731604,2,0,0,5064.418593820365,0,0
33.51980695576168,1,0,8,3076.57979583589,1,1
0.5924160314941145,2,0,0,5162.128309189244,0,0
2.623346117944631,1,0,0,10040.838159804653,1,0
0.1,2,0,0,325.87673943976097,0,0
4.557434893475729,2,1,0,7183.095483910134,1,0
1.5447757205228811,1,0,0,5221.705204146261,0,0
3.2743720951930575,5,0,0,7191.571631245978,0,0
5.615432800937348,4,0,0,5552.160259924078,1,0
1.528350948797678,0,0,0,6933.262914935467,0,0
4.2385704621379645,0,1,1,2922.021725462191,1,0
3.2371786273576637,3,0,0,7279.79143296843,0,0
3.0,4,1,9,2731.8423891197162,1,1
25.028106711821238,2,0,13,3043.872061324632,0,1
5.10132279046945,5,0,0,4743.338167389973,1,0
3.6809934471704384,1,0,0,1501.9114141147397,1,0
0.820863679856779,3,0,0,6544.05491565614,0,0
0.5745608997525808,1,1,0,3989.017723688218,1,0
5.731948276219663,6,0,0,3658.501785731251,0,0
4.130782604900523,2,0,0,5162.588745147082,0,0
1.3701482106141145,2,0,0,5721.218000114817,1,0
13.368965667611612,7,0,5,3508.1034726807966,0,1
17.8221002202788,23,1,0,62387.58292618147,1,1
0.1,3,0,0,4397.817705880487,0,0
4.5367690131400344,2,0,0,7571.547877916735,0,0
5.3790057464398,2,0,0,6780.430700135354,1,0
20.17804810468148,4,0,8,4450.338587911228,1,1
2.9086154179380976,2,0,0,6445.502115395265,0,0
2.066688832057923,1,0,0,6403.506070729325,0,0
7.680175912455885,29,1,0,43941.48541332865,1,1
2.672956307843367,2,0,0,6573.608520760519,1,0
5.471090996404994,2,0,0,4173.370890631254,0,0
15.658793535918534,5,1,12,2816.1204351359806,1,1
4.936543582776203,1,1,0,5414.695833584154,0,0
2.057443337820782,1,0,0,3350.910721124249,0,0
18.823674134893626,23,1,1,30496.956199228465,1,1
0.866922350789801,1,0,0,7179.4424201211905,0,0
2.4603883328689076,33,0,0,28646.188137092202,0,1
1.634137674117827,0,0,0,4858.557822898068,0,0
11.058271877704259,2,1,11,3580.9780361073354,1,1
4.288569087266604,3,0,0,4504.59944383513,0,0
4.3962573395257944,1,0,1,5188.985399581024,0,0
2.435107915464772,2,0,0,4192.729376781448,0,0
1.7975717388473242,2,0,0,5312.588136735114,1,0
12.665329706526096,29,1,0,21601.79262119019,0,1
1.8248984191550695,0,0,0,5071.129879918485,1,0
4.51749062055997,3,0,0,1880.7185967184987,0,0
2.8708490222684273,1,0,0,5341.98599895521,0,0
2.0071110884000234,3,1,0,5989.558140409963,0,0
18.76892439069613,1,1,12,5007.981161735331,1,1
0.1,2,1,0,6839.418433204542,1,0
9.66058672267724,35,1,0,43710.483206584155,1,1
4.481107717569601,2,1,0,7874.474862624053,1,0
5.911300408772803,3,0,0,4186.809648951675,0,0
1.8153658798128303,2,0,1,5537.06416415993,0,0
12.793706730450939,0,0,7,2542.9848698696965,0,1
7.007645069635028,2,0,1,4677.735948950261,0,0
2.6772762513433066,3,0,0,5036.050031623773,1,0
45.19609050667429,49,0,1,109343.32213036304,1,1
3.0180797709027383,2,0,0,5417.948202934015,1,0
2.2225802364505878,1,1,0,2835.3152863866217,1,0
3.5496767198573256,3,0,0,4900.578450602705,0,0
2.0011834333193455,0,0,0,491.5815745766222,1,0
4.800459387388982,1,0,0,7298.630546112387,1,0
1.2568807308985694,2,0,0,4620.468676775194,0,0
13.73575729972293,24,1,0,22174.569288310646,1,1
1.3856321995218477,1,0,1,3345.787300754641,0,0
3.016474338873602,1,0,1,7039.172835180377,0,0
3.3290737520457845,0,0,0,4155.000895045363,0,0
4.257733805604517,2,0,0,5635.466576660646,0,0
2.717423809103425,2,0,0,6079.981662987625,1,0
3.523163841069443,3,0,2,6686.717435879578,0,0
3.921660184338712,4,1,0,6307.36676767754,0,0
44.21845553559995,66,0,0,151211.63297300076,1,1
23.96933937665142,4,1,6,997.0635288848046,1,1
4.206855452377255,3,1,0,4562.7661326797925,1,0
3.358723926950191,2,0,0,769.460745300189,0,0
2.5924884244690616,3,0,0,3948.7842575032573,0,0
15.31264606697241,23,1,0,42126.46866534567,1,1
27.44961552751824,43,0,1,127665.47951448799,1,1
2.644110421353897,0,0,0,4941.051272147382,0,0
2.965149433724451,0,0,0,4785.823330026016,0,0
58.7578473662829,52,1,1,75697.76009916356,1,1
18.252396177761774,21,0,0,25514.595451472756,1,1
2.050118696589609,3,0,0,6242.497620407789,1,0
10.763551918302962,22,1,0,13306.705804056794,1,1
58.566071764430376,71,1,1,97956.47729487206,1,1
3.825380614550549,3,0,0,2872.0345957462127,0,0
2.240746099961499,5,0,0,5578.202769859296,0,0
18.759251889384217,32,1,1,41142.99283893075,0,1
3.8349249985163314,2,0,0,5473.343450917734,0,0
2.899570240652699,1,0,0,1939.052675945963,0,0
0.5124966516266323,3,0,0,5407.574121671476,0,0
4.22297410825745,1,0,0,9698.832250563675,0,0
2.85870813697375,1,0,0,6138.556271185671,0,0
1.3336033571764192,2,0,0,4903.705280009592,0,0
3.5900653053811453,0,0,0,2373.6180309489782,1,0
25.7953433348561,3,1,11,4200.447677814734,1,1
5.615901789251688,1,0,0,5412.032868350146,1,0
1.308328852662429,1,0,0,7299.545180237008,0,0
4.572044366425879,0,1,0,6803.897649403767,0,0
9.487994874432124,4,1,8,2301.901702850137,1,1
1.02745634169337,1,0,0,6069.594937691429,0,0
2.27070880395143,5,0,0,2740.4379618377457,0,0
11.003415837649907,31,1,0,42375.85210708331,1,1
4.5734292995421635,1,0,0,1390.54574432646,0,0
25.272712366157457,7,0,9,3571.159014715226,1,1
1.801791382660527,0,0,0,5069.859218913018,0,0
4.05628551768475,4,0,0,4510.6939942534655,0,0
2.3486993501116715,4,0,0,2752.039305563049,1,0
4.606956808394424,5,0,0,5982.460148058148,0,0
3.844969610274637,2,0,0,4203.1382043090325,1,0
3.59548695674826,4,0,0,5358.739881549895,1,0
3.0583698103521897,2,0,0,4659.101933553978,1,0
1.827314655400008,3,0,0,2786.9810873984725,0,0
1.7432651118335256,5,0,0,4343.375119315235,1,0
2.2944410185608066,1,0,0,8026.922625187857,0,0
2.9538842516092054,3,0,0,7158.776688212682,0,0
2.5779450121414484,4,0,0,694.6669629124344,1,0
1.3593944074249942,2,0,0,4273.439382901097,0,0
1.7089754352532118,0,0,0,4337.588487329544,0,0
12.39589908331942,27,0,0,54736.19235344551,0,1
3.5037618853995354,4,0,0,8937.647026901966,0,0
2.259897989425982,2,0,0,2446.121565354863,1,0
3.8309302589929857,4,0,0,8790.207296491802,0,0
1.5840697129169967,3,0,0,7318.944634836734,0,0
3.092556951075552,0,0,0,3495.6884588421776,0,0
3.4965602324942933,3,1,1,7176.7576491809305,0,0
3.7496821564436984,0,0,0,5768.247427475394,0,0
5.192166438363303,0,0,0,3893.460177864043,1,0
2.2882305995714414,0,0,0,5170.676644030267,1,0
1.7342850322129153,2,0,0,3399.3645425981813,1,0
0.19317282590851947,1,0,0,3348.328960626258,0,0
2.6790702842087826,2,0,0,4286.131674313051,0,0
1.0802385635399694,1,0,0,6054.54269686019,0,0
14.024868273537216,4,1,6,4837.528195537666,1,1
4.857240452234775,2,0,0,3867.68315510939,0,0
2.9373041581867314,1,0,0,3174.0472657253003,1,0
3.699493158255625,1,0,0,2693.425463341806,1,0
2.2927127888250767,3,0,0,2394.688761725659,0,0
17.05880187632935,3,0,6,3173.8200527125978,1,1
0.9267277269344398,3,0,0,4905.121505047865,1,0
17.49041660729152,27,1,0,21683.173327450662,1,1
3.391131576211751,4,0,0,6084.807555412679,0,0
3.242879050927602,1,0,1,4066.9420506162915,0,0
1.6273130107807483,5,0,0,6697.755325563228,1,0
2.2337481614204764,4,0,0,911.0969772078097,1,0
0.1,0,0,0,7633.561327142863,0,0
3.6776529014114763,6,0,0,3337.1029431170587,0,0
12.068066585333002,22,1,2,41505.06198654056,1,1
21.348952207949164,19,1,0,36236.880519616505,1,1
3.20730769402992,1,0,0,5467.249721838609,0,0
2.2758147619130327,1,0,0,3925.8481411342163,0,0
4.056222212459677,0,0,0,6493.516838576728,1,0
3.105628690990933,1,0,0,5192.1107369725705,0,0
15.093886165223903,25,1,0,21182.84329024893,1,1
0.6419396165201388,3,0,0,5894.910916440258,0,0
4.240759199431833,3,0,0,2444.735289663118,0,0
2.753023458684073,4,0,0,4732.56104119842,0,0
4.691032142463634,1,0,1,6335.212685075353,0,0
0.902835510301724,1,1,0,4548.927358379534,1,0
0.2992819623987293,1,0,0,5926.081422065937,0,0
3.4565500935453897,1,0,0,7509.756219858755,0,0
1.6627058179919456,2,0,1,4567.037002175338,0,0
2.788813670375422,3,0,0,4449.389318177646,1,0
2.311739260276049,0,0,0,100.0,0,0
2.4886551308324742,2,0,0,4652.779221216864,0,0
1.8081008173124176,2,1,0,1183.8772251660434,0,0
1.9391032050728045,0,0,0,5013.2964030353,0,0
2.616251892988765,0,0,0,7467.978078192036,0,0
20.464572177297796,5,0,14,2836.4374620105814,0,1
2.06618977100167,1,0,0,6703.827210159382,0,0
2.38840384259335,5,0,1,4108.648239874872,0,0
3.907187373825852,3,0,0,4096.847009412027,1,0
1.289689715023263,1,0,0,4178.781272636582,0,0
2.973655760283831,1,0,0,5985.683017128153,0,0
2.378290401246212,5,0,0,6181.599644967287,0,0
3.2441295976575084,2,0,0,2917.670816128025,0,0
1.334353973378283,1,0,0,7726.3817822467345,0,0
1.3505124812334879,2,0,0,7750.851737876607,0,0
28.315704941243638,3,1,10,2536.8146532584683,0,1
0.5608732670602254,1,0,0,7512.336502486709,1,0
3.544894618871296,3,0,0,9675.828811073607,0,0
20.085077259608145,5,1,6,1943.821835040943,0,1
2.8464049400833553,2,1,0,5212.942618829663,1,0
3.586087539133344,1,1,0,3688.414729125469,0,0
2.3575082667553393,2,0,0,1832.6845579254305,0,0
24.474350845089273,4,0,10,5069.42025428558,0,1
47.37255772139963,43,0,1,82819.31919282253,1,1
54.55633515865915,72,1,1,91868.19386656155,1,1
4.110021354456503,1,0,0,4402.5142148128525,1,0
0.1,0,0,0,1089.805118422731,0,0
33.65053608465933,2,0,7,3808.1482435149537,1,1
4.410434197325383,1,0,0,5858.976993228293,0,0
2.640343480659612,2,0,0,5134.975390183494,0,0
4.452368388556941,1,0,0,6661.292132050633,1,0
1.6688042628867603,1,1,0,5309.477950709785,0,0
2.0,27,1,1,63898.91268676901,1,1
22.546925648564702,5,0,4,3038.8800558552484,1,1
40.71798263208962,66,1,1,100171.13059012896,1,1
10.086744781593872,25,1,1,58393.233183333024,1,1
1.8087955649618643,1,0,0,3928.0662290047285,1,0
3.4793310100850423,0,0,0,2617.0231939841583,0,0
5.726313982872272,20,0,0,71108.406796102,1,1
10.961597589874478,26,0,0,54591.10287764451,1,1
2.1918430235733855,1,0,0,3394.6583426241077,0,0
4.712221152154827,4,0,0,3877.4183039345635,0,0
17.739406323963557,19,1,0,27093.01229834353,1,1
1.0819350483346926,1,1,0,5329.083588347927,0,0
1.2737032362216496,4,0,0,4184.23957352831,1,0
5.31667421717801,2,0,0,5499.244805970752,1,0
21.366381817924676,2,0,6,797.497653388034,0,1
5.35499772749842,1,0,0,6051.167159706804,0,0
3.6715725451426025,0,0,0,3497.797649959839,1,0
5.111222791970575,3,0,0,100.0,1,0
4.531324231503711,2,0,0,241.0900711641916,0,0
4.31481540612228,1,0,0,5781.7928637364,0,0
2.053557604301804,3,0,1,4221.6851910675205,0,0
3.953765007398898,1,0,0,7969.561792915269,0,0
3.453387327728192,2,0,0,8093.107862448724,0,0
48.40345870958377,66,0,1,126046.7571273472,1,1
3.712692101022013,1,0,0,2342.931890872758,0,0
7.287544522016723,28,1,0,38878.75432508486,1,1
1.3895764062936495,3,0,0,5853.716468877838,0,0
2.8502481292568245,3,0,0,4238.008016846315,0,0
1.9886813074132366,1,0,0,3429.61316748779,1,0
3.080186868926211,2,0,0,3491.353176238503,0,0
4.416623802810409,0,1,0,5898.6637087591635,1,0
0.1,0,0,0,6928.112260712114,0,0
3.949302485335932,2,0,0,4537.16349498929,0,0
3.4107635974626844,1,0,0,2754.454506847179,1,0
1.4168493285664434,2,0,0,6428.671494821208,0,0
3.4546528274254955,1,0,0,5025.560870059472,0,0
2.575255006670241,5,0,0,5036.244468174072,1,0
3.5278961562279862,3,0,1,5454.165320633122,1,0
2.943367448327204,2,0,0,4543.323919138422,0,0
2.0586186953446206,2,1,0,2441.910523313277,1,0
2.3374623087405086,0,0,0,5480.471574239595,0,0
17.181790540576802,21,0,0,1763.5862766579594,1,1
5.194954336829342,3,0,0,7779.015596456329,0,0
1.3152330268680574,3,0,0,3796.816179027526,1,0
0.1,3,0,0,4853.025454054633,0,0
2.7198627977934713,1,0,0,3219.9712430090785,0,0
1.245584996281759,1,0,0,3587.725551478561,0,0
2.8235837168623186,2,1,0,6047.751483182676,1,0
2.6943272083131786,2,0,0,5562.944344139808,0,0
3.5615796775593944,2,0,0,6013.247644386793,1,0
4.152905648244554,4,1,0,6840.85476800084,0,0
6.458483064818232,1,1,11,1037.5263669457208,0,1
6.016389168600771,5,1,0,6032.515467823475,1,0
13.847506415432937,29,1,0,26942.562922248042,1,1
4.109538762619384,2,1,0,1864.1994992566056,0,0
4.499736370365442,1,0,0,4942.639059797529,0,0
4.124185523109846,2,1,0,5373.293189693411,0,0
0.1,2,0,0,6388.462460114553,0,0
2.057900874411939,2,0,0,3808.2313890551895,0,0
2.485733020635245,1,0,0,2939.4199754628908,1,0
13.666745118678659,51,0,1,77820.99625139018,1,1
19.798669590719452,2,0,10,3035.282590024501,1,1
3.42585900176321,4,0,0,2524.8440709640263,0,0
43.22104890510236,68,1,0,93368.86711101419,1,1
3.094047454855071,5,0,0,3912.688208130524,0,0
3.86799245072275,2,0,1,3841.0135587546147,0,0
3.586896989899852,2,0,0,3071.342692059566,0,0
20.36805567602195,4,0,7,3166.9071063003034,1,1
2.6405742668480294,0,0,0,3240.5176595862076,0,0
0.46899834906295546,3,0,1,6211.487424879381,0,0
2.7017525955316923,1,0,0,3755.676794544339,0,0
3.6324252448647445,1,0,0,7212.020877866873,0,0
2.642345473529546,2,0,0,6010.972229250678,0,0
46.44362489049862,69,0,0,61614.53937273021,1,1
11.532717540419373,25,1,0,31112.58904394447,0,1
3.9233779317919324,2,1,1,6522.063541789914,1,0
3.3650983746008087,1,0,0,6269.9206693110245,0,0
2.9983204170031645,3,0,0,5899.573138863487,1,0
3.23584926515429,3,0,0,5975.167079740074,1,0
4.565615096580742,1,0,0,5469.159862233895,0,0
2.765367781285052,2,0,0,4949.762662379997,0,0
4.413890431349689,1,0,0,3033.181920446512,0,0
7.15115383804839,4,0,0,3777.6243807514097,0,0
0.41480488889187317,1,0,0,1442.9728891132086,1,0
6.115066988788536,0,0,1,6393.321282558321,0,0
3.6754759170657194,0,0,0,6136.210574179913,1,0
3.4303366774389072,1,0,0,6547.069095255516,0,0
4.621284307426307,2,0,0,3826.155561497784,1,0
5.030378834354096,3,0,0,3576.4606980909057,0,0
3.178838791691088,3,0,0,6328.485712850474,1,0
1.911912716988037,2,0,0,5086.5149720518775,0,0
1.287092660786394,2,0,0,4922.369412252721,0,0
4.105254796380077,3,0,0,6638.937811748264,0,0
3.630340064211879,1,0,0,6224.424870904355,0,0
5.029610366313089,0,0,0,8476.566569002063,0,0
20.36297920673106,5,1,11,864.9114074307222,0,1
2.646248634278728,3,1,0,5121.336961585504,0,0
3.3526799147274975,2,0,0,4948.968746429369,1,0
65.64516623114383,54,0,1,66589.87827575387,1,1
4.097238611911402,0,0,0,942.6844769068525,0,0
3.641221563181258,2,0,0,5260.975387929023,0,0
2.862689970872688,2,0,0,4701.113225666312,1,0
19.093659137350166,60,0,1,91131.92431728568,1,1
2.3232369641408783,1,0,0,3574.0473102287006,0,0
2.742653234675478,1,0,0,4868.232229090421,0,0
1.5012826630034817,2,0,0,3747.12923994591,0,0
2.887846617652908,3,0,1,7244.4026927869145,0,0
5.691555081900539,2,0,0,464.5524502512226,0,0
4.089147542169502,0,0,0,5739.036040538602,0,0
3.454572424399075,1,0,1,4267.791122739393,0,0
2.1432961284603937,1,0,0,1944.3376136879479,1,0
0.7724167813088458,2,0,0,5301.813913852038,0,0
4.5361482597615375,0,0,1,5084.861989166278,0,0
2.7171208004909855,3,0,0,6460.184108443677,1,0
4.228656253368207,1,0,0,6346.031652585265,0,0
3.373400865594987,1,0,0,5078.424388760728,0,0
2.9096222303980697,3,0,0,2838.8893459336014,0,0
17.492601849344787,1,1,15,2347.392452114911,1,1
1.975362297622238,1,0,0,2280.307364472394,0,0
3.2378095366150714,5,0,0,3606.3768475560655,0,0
1.7057999706400948,2,0,0,8009.51341134586,0,0
3.8481906287536396,3,0,0,7051.943985523846,0,0
15.133140130779609,26,0,2,55346.56287741267,1,1
4.086424016184342,2,0,0,4585.6102770751195,1,0
3.886659771645835,3,0,0,5675.853901790027,0,0
15.111319949838972,3,0,9,1932.1248207739295,1,1
0.6000759988734825,1,0,0,4435.613221709486,0,0
0.41008997831433236,1,0,0,6791.730712591593,0,0
3.538434660977207,2,0,0,6666.037059242492,1,0
18.115453220303625,2,1,10,604.1114377309341,1,1
4.811137542466801,0,0,0,8354.644842075295,1,0
5.341779799764724,4,0,0,8539.164176637829,0,0
6.4914796505191275,3,1,0,4784.776778891622,0,0
2.2952452372519097,3,1,0,2920.316242914288,0,0
51.00391025261169,67,1,1,37616.05954265388,1,1
15.146628307029935,19,1,1,45651.99539120088,1,1
36.23148962944565,59,1,2,83008.21786721125,1,1
2.531466837516195,3,0,1,6616.036469089893,0,0
3.5280517077043863,3,0,0,2365.8232860407297,0,0
3.9162615467050337,2,0,0,2408.7079786598197,1,0
1.1814475604104113,2,0,0,9094.860803492764,0,0
17.219982406270198,7,1,5,1881.1102925787131,0,1
3.276550060763496,4,0,1,4762.184759835014,1,0
3.1318014556210914,1,0,0,5485.179842486143,1,0
16.56229669319503,5,1,4,743.3218527302379,0,1
11.79911795061092,26,1,0,26026.237065970356,1,1
3.7566669714937024,1,0,0,2608.71382659773,0,0
3.6584865440833423,1,0,0,6929.833775708497,1,0
4.173525513626492,1,0,0,5567.1370869207585,1,0
1.8597148670716417,3,0,0,4409.235169016386,1,0
3.1209116634307823,1,0,0,6073.956236438837,0,0
0.8294931353774766,2,0,0,5071.436183886305,0,0
0.7716569951533927,2,0,0,5344.424301702609,0,0
3.675031010132748,2,0,0,3399.789826084706,0,0
2.642739384038002,4,0,0,3747.668478872505,0,0
13.976705562854079,17,1,0,31653.753993035603,1,1
3.4418892638375684,1,0,0,4333.283119533026,0,0
3.1538297755894003,4,0,0,5265.636786242825,0,0
7.199545832755964,2,0,0,8217.76331036129,0,0
3.8477300682146542,3,0,0,4381.007512275338,0,0
4.5380220513866325,3,0,0,3554.6630288901615,1,0
1.6858351136580636,0,0,0,4253.49252245281,0,0
2.980591847844618,0,0,0,1909.3254314317974,0,0
11.308792221510732,33,1,1,35822.86495187224,1,1
47.03257307643801,43,0,1,35952.05658975033,1,1
3.1357346724418114,2,0,0,4592.908821052187,0,0
0.7550419651450104,3,0,0,5343.533909622629,0,0
10.354686525715179,22,1,0,41494.3236802852,1,1
0.1,3,1,0,5502.905291106999,1,0
2.199720711475681,0,0,0,1207.6074843513748,0,0
7.768280519051303,3,0,0,2608.149372349865,0,0
2.8376499925155403,1,0,0,5805.334894361869,0,0
0.9743678729169218,1,1,0,5647.254825311873,0,0
3.032778218285164,2,0,0,5745.599547510152,1,0
2.786995178388718,1,0,0,6736.342019205263,0,0
4.410847074586821,1,0,0,5358.583348293138,1,0
60.81939556540517,61,1,2,36869.20783618096,1,1
5.905846743644275,3,0,0,4375.363037861607,0,0
1.0467307397065229,4,0,0,6766.757384001525,0,0
0.1788023580389133,0,0,0,7493.132818795915,1,0
1.7659469653813484,5,0,0,7962.244911116944,0,0
4.698351858268872,1,0,0,6690.272687756,0,0
1.7501061126941302,5,0,0,6413.65072171592,1,0
0.36340741296505286,0,1,0,2893.88209309497,0,0
1.2193943604384447,3,0,0,2764.206493201305,0,0
0.23467887381193542,3,0,0,4177.316504039702,0,0
2.330692103479106,0,0,0,2661.4252041506197,0,0
2.7250536653591104,1,0,0,2554.4564871939497,1,0
2.909861628367303,2,0,0,4648.900632285751,0,0
2.8269975077889957,3,0,1,3305.4081257530397,0,0
5.523575378010148,3,0,1,8662.918063719597,1,0
5.03718164380089,1,0,0,1906.570073545558,1,0
8.577861643874824,4,0,3,3812.597544556521,0,1
0.1,4,0,0,3213.3634163146535,1,0
2.8299690032402895,0,0,0,5176.715474548699,0,0
18.15198340659182,20,1,0,47616.82709838385,0,1
1.987329071784808,2,0,0,3339.9029888216182,0,0
2.192551357025026,3,0,0,6316.944046231069,0,0
2.2097202060192345,1,0,0,1545.338957352693,1,0
16.461960012380185,24,1,0,50554.129267558885,1,1
2.471602447575346,2,0,0,3966.039377663717,0,0
4.154785339583032,3,0,0,2724.201745358558,0,0
3.535134435462537,5,0,0,6815.04566787544,0,0
1.8335911083775993,3,0,0,4150.3157431411555,0,0
5.088106381461382,1,0,0,5775.140982268067,0,0
21.918625233842974,3,0,11,100.0,1,1
3.491619704927924,3,0,1,4112.321733193988,1,0
31.796709110033895,61,0,1,94246.053279863,1,1
1.3924480097073835,2,0,0,954.0929121843888,0,0
42.6809610500206,60,1,1,86077.37638904122,1,1
4.0162272631370906,2,1,0,2885.2907367937205,0,0
2.4546250645398016,2,0,0,6015.957928064637,0,0
9.344166876474514,23,1,0,43539.19368166452,1,1
3.4734075053855107,0,0,0,4188.208319469006,0,0
2.4769123916273434,2,0,0,6147.610409791242,1,0
0.8673545259831408,5,0,1,6480.008911026891,1,0
4.956770545673327,1,0,0,6798.1040348875695,0,0
2.3586682780057195,2,0,0,4269.037635560949,0,0
3.5353065887242643,0,1,0,3044.7157459291557,1,0
0.6365710092440775,1,0,0,2696.363341886074,0,0
0.16024325814284257,3,0,1,8396.503636319645,0,0
18.03865262425278,23,1,0,52432.52518864191,1,1
16.80502486267944,27,1,1,51059.70029414614,1,1
1.0708049449368136,2,0,0,3932.417282004864,1,0
1.25739996159848,3,0,0,5871.799128207699,0,0
12.658795602414115,25,1,0,60779.426055445925,1,1
2.6514491409348433,4,1,0,6525.951609876653,0,0
15.249529774481923,25,0,1,41661.96289072039,1,1
2.613718201635313,1,1,0,4689.4193255092205,0,0
5.045143068128548,1,0,0,4582.0536206467,0,0
2.8212467440081195,3,0,0,777.4313955098951,0,0
2.8124864545206334,1,1,1,1049.0135631061148,0,0
4.609886747683736,2,0,0,118.56178029364946,0,0
3.2897723697197976,4,0,0,4506.3495231142815,1,0
55.00735591120777,51,0,0,43750.76243236413,1,1
2.3361964321617243,4,0,0,4066.6628608858077,0,0
2.041683227634987,2,0,0,3562.476776022475,1,0
3.869341713714716,1,0,0,6110.852267302145,0,0
4.295742020547283,2,0,0,5200.936921193098,1,0
0.2679744871130425,1,0,0,3479.1552069744084,0,0
2.100375826321703,4,0,0,7367.119846151643,0,0
3.874662203486615,3,0,0,6286.467929750766,1,0
2.5890123526544953,3,0,0,6237.1752277709365,0,0
59.74359320053338,65,1,1,92409.46777456909,1,1
1.7530712460733855,3,1,0,3001.390920032818,0,0
72.74593241848434,57,1,2,62746.77080367711,1,1
4.0462324678815005,3,0,1,2627.5103131531737,0,0
1.8228311292660129,1,0,0,4453.26462584136,0,0
6.858776155454596,3,0,0,5691.585801575646,0,0
2.1515418774674417,1,0,0,6229.454708770738,1,0
2.3543124998070626,0,0,0,3292.539625517138,0,0
18.49685646430423,32,1,0,4793.458524181697,1,1
2.7701535596126785,1,0,0,4166.379253841954,0,0
3.4631989152722484,4,0,0,6370.892323136409,1,0
2.7129840199574096,3,0,1,7085.8898445251925,1,0
3.963475719750742,3,0,0,6316.038688727755,0,0
4.0314787267635195,1,0,1,3306.1860369679953,0,0
52.6445020803193,54,1,1,70044.37788881242,0,1
4.194816045779995,2,0,0,5892.156203110794,0,0
3.40855463291136,2,0,0,10378.081205838702,0,0
48.13096803440574,62,1,0,105009.26203364998,1,1
0.5765124910189829,0,0,0,2265.0212032554464,0,0
6.529145758611644,24,1,0,45893.92183426138,0,1
3.2994525268672716,1,1,0,5540.233889343389,1,0
0.1,1,0,0,5828.695998958665,0,0
3.720215105087416,4,1,0,3845.4700099711863,0,0
0.9924263830142332,1,0,1,2395.359240391199,1,0
3.63370113635584,1,0,1,7714.383379131494,0,0
0.6965368951108211,4,0,1,5966.282008959281,1,0
14.877169479105405,4,1,12,3851.164762840227,0,1
4.8744979005656655,0,0,0,1695.466653484165,0,0
3.0485551510905458,3,0,0,9263.30484817992,0,0
61.21438082564682,49,0,1,104416.70171277445,1,1
2.6839215313848563,5,0,0,6043.019873995788,0,0
29.00675823188862,55,1,1,78307.0996234491,1,1
5.340526394811687,0,0,0,7931.3941129001905,0,0
44.0404891300076,47,0,0,94577.90755177604,1,1
4.069496138017649,1,0,0,6654.488857423859,0,0
30.92235081338881,55,0,1,54433.89779232824,1,1
3.8577887739550647,3,0,0,8412.26080481326,1,0
0.9936844600606589,2,0,0,4698.073705677759,1,0
4.455746971295596,2,0,0,6910.94935307513,0,0
4.643283617243714,3,0,0,5942.559519028469,1,0
4.257189851841572,3,1,0,6441.80942488135,0,0
6.181715103950501,3,0,0,5152.210075910441,0,0
3.6334335286880393,4,0,0,4486.856266240025,1,0
3.2656797450075454,1,0,0,2248.0266183441877,1,0
19.024197669058474,32,1,0,27849.02047709821,0,1
28.906110979575086,53,1,0,44369.38020918948,0,1
11.381840827376454,28,1,0,46207.20876244479,1,1
1.387850979273429,2,0,0,4417.803376185312,0,0
2.0095498259670164,1,0,0,5482.099646041865,0,0
3.326160622954892,2,0,0,5235.656270556569,0,0
2.384490039982336,6,0,0,2823.586166894383,0,0
4.1130433544692355,0,1,0,7163.017790658256,0,0
2.904736988342597,3,1,0,7719.067117101534,0,0
1.7863110225884402,2,0,0,5971.445022973306,0,0
2.6165404424283065,1,0,0,5541.040434396276,0,0
1.8046335160549647,2,0,0,3967.794421466273,0,0
1.8505269755764417,0,0,0,9209.084708112976,0,0
2.9875801741056196,2,0,0,6652.741870961036,0,0
3.0108105905645552,4,1,0,3205.8353499075693,0,0
2.423174834973125,1,0,0,7013.91296271302,0,0
2.856174596151044,2,0,1,458.44041099180413,0,0
3.4144112689928305,4,0,0,5511.144280238697,1,0
2.018780339898305,3,0,0,5928.577754893331,0,0
7.213816291844255,4,0,0,5874.015261303276,1,0
1.8210350881029669,2,0,0,2787.5289261517764,1,0
18.228195465982825,31,1,0,59937.711345171774,1,1
3.7754857082417126,2,0,1,4570.784025581875,0,0
5.5934930113285555,0,0,0,3151.3836681027983,0,0
4.870817131713675,1,0,0,6746.832013017814,0,0
1.0247546834126378,0,0,0,6546.9026009415065,1,0
1.2426500567619874,1,0,0,6277.048071884187,0,0
0.8196010801025535,0,0,0,2654.1374322235206,0,0
4.842591552501577,4,0,0,3545.6020429483224,0,0
3.5805880940936157,1,0,0,4898.796445790829,1,0
3.96683761797597,4,0,0,7126.306157976168,0,0
0.6547830781969672,1,0,0,6671.39179612188,1,0
19.734157410353525,2,1,5,2817.1512424110456,0,1
3.1533849894711237,1,0,1,7331.576178620666,0,0
38.598357932975226,62,0,0,72078.80599169835,1,1
2.121932247040435,1,0,0,5155.094287590092,0,0
22.381468393691993,26,0,0,59741.949168062114,1,1
4.444440859874172,1,0,0,2696.39398966226,0,0
3.4229338010912356,5,0,1,8403.79082426898,0,0
3.9581390725139656,4,0,0,5419.889257214713,0,0
2.322073530219737,2,0,0,4047.0828881378084,0,0
3.781750883598169,0,0,0,6539.176509246631,0,0
0.5980830943217192,1,0,0,4727.1011385995635,0,0
5.68530540064307,32,1,0,31462.482266883562,0,1
1.72988386067397,0,0,0,7172.5894607997325,0,0
2.9744431659938053,2,0,0,5576.877433137537,1,0
13.60654653065524,22,1,0,32219.16360840336,0,1
4.332536287251975,0,0,0,4765.797695776058,0,0
40.53165707450972,66,0,1,107293.95149188089,1,1
1.3734178916499502,0,0,0,4325.1162791829465,0,0
3.055208248645432,3,0,0,5094.732134699059,0,0
4.898662387749834,2,0,0,4751.360333440518,1,0
1.68053635894874,5,0,0,6085.3111645624995,0,0
12.211576537900065,23,1,0,37500.30408495505,1,1
4.588835608344481,2,0,0,5621.453861010897,0,0
1.98373268146235,3,0,0,3420.803820251257,0,0
1.72043410863963,3,0,0,8074.58467395026,0,0
2.4304852937277404,1,0,0,2643.253442278437,1,0
5.217418403574089,1,0,0,6242.095044630906,0,0
4.166006364092616,1,1,0,4441.705219945647,1,0
8.83142382567408,22,0,1,36389.840080844326,1,1
2.7704611856906802,4,0,0,6696.1508719580925,1,0
3.796834842888872,1,0,0,5811.465309341256,1,0
2.7507632370754016,3,0,0,5765.2553285224885,0,0
7.771281824296203,19,1,1,39436.85029798444,1,1
4.357889102240932,0,0,0,6849.819656718895,1,0
1.5955180874320598,1,0,0,5538.094209037257,0,0
42.82935218020524,55,1,1,122911.8757267447,1,1
1.4836966232155238,1,0,0,1963.8916012282539,1,0
1.820151337343747,1,0,0,5299.683408462083,1,0
4.740139269965326,2,0,0,4902.258940344271,0,0
16.331772227888504,24,1,0,41677.91841824582,1,1
7.979219829841014,26,1,0,23687.171409245806,1,1
4.035156637146018,0,0,0,6480.9990228570705,0,0
3.7231002532882878,1,0,0,5893.8319287513405,0,0
0.1,1,0,0,5132.667585663157,0,0
3.4055148589225888,2,0,0,4178.343062574351,1,0
4.471009941491139,2,1,0,2261.997676574963,0,0
4.598966444614701,2,0,0,6020.517149392756,0,0
3.5289408058757585,0,0,0,10252.935277007504,1,0
3.5215626786764354,1,0,0,5160.769294071514,0,0
4.779213753178246,3,0,0,3579.7311575947515,0,0
3.0284867799601622,3,0,0,5110.696971892868,0,0
5.004569186815236,1,0,0,4401.673763616267,1,0
3.9039786694597485,4,1,1,4597.737286505708,1,0
3.4635035341285514,2,1,0,5382.036506224177,0,0
6.488638601690724,29,1,2,68823.35611925626,1,1
3.9378178958691983,2,0,0,5665.828779593033,1,0
4.161742055798057,5,0,0,4755.3852641340045,0,0
2.061563840397906,3,0,0,5098.285897194813,1,0
4.450948853764158,0,0,0,1171.248014998137,0,0
18.864903714008854,1,1,7,3858.4891382960486,0,1
56.68265885449882,54,0,1,101077.25035629352,1,1
1.8892262692483206,3,0,0,4848.329966632339,0,0
4.584578379046325,3,0,0,4496.588683286325,1,0
66.54441120274859,77,0,2,78603.88473862897,1,1
2.5509931383724167,3,0,0,3371.6017854972124,1,0
25.40415366676905,4,1,9,4387.059130641551,1,1
2.2319078710213094,2,0,1,4331.435653076538,0,0
2.66666595435184,2,1,0,3840.667276893443,0,0
2.6515960051136473,3,0,0,5709.171226153486,0,0
0.1,2,0,0,3903.845074257173,1,0
18.47132533956196,24,1,0,68949.01998298563,1,1
3.4640873552354177,3,0,1,3896.581406276592,1,0
0.1,3,0,0,7347.419062282837,1,0
0.1,1,0,0,8157.649795560906,0,0
37.160080406340484,58,0,0,102251.69610837383,1,1
3.455756138456344,0,1,0,4984.938100377602,1,0
0.6433533861440734,1,0,0,8718.903503374106,0,0
2.5704507962022367,1,0,0,3318.992932080192,0,0
0.3718521409095432,2,0,0,6061.212019571603,0,0
2.5323805037663294,3,0,0,4085.9022033565284,0,0
3.240285889975613,1,0,0,5711.94564606237,0,0
26.936232006631197,4,0,6,2874.0078041096363,0,1
2.5826193473142407,3,0,0,2516.2059354483263,0,0
20.134402832112727,19,1,0,36979.92118339965,1,1
63.05181529366375,62,0,1,15247.018029314335,1,1
2.5315977080900205,1,0,1,6624.374895796605,1,0
50.04286382137239,45,0,2,65007.516806051404,1,1
0.915714971672811,4,0,0,2985.7522707952908,1,0
2.9818730238175988,1,0,0,2664.5553612190374,0,0
42.56989132274341,58,0,0,62437.37263128556,1,1
1.7003757920108415,2,0,0,8141.922371107976,1,0
2.0333163526759255,1,0,0,3610.9889644500563,1,0
0.1,3,0,0,3227.9899060423486,0,0
4.099362836156302,4,0,0,5132.256951055697,0,0
7.547643622665952,1,0,0,3612.3888944659684,0,0
5.338224371698629,1,0,0,5230.946784064717,0,0
3.1659196838680166,0,0,0,5071.754749070863,1,0
3.343155043393407,2,0,0,5863.370253970005,0,0
79.73704805372441,59,0,2,88051.96578865583,1,1
0.6585624705083357,2,0,0,2895.7007639030717,0,0
0.7489958958272416,2,0,0,7458.534962033039,1,0
0.7574087546591923,3,0,0,3973.4789550730384,0,0
15.233710673630354,19,1,1,28406.017449165047,1,1
2.7470223698993212,1,0,0,4394.480035610905,1,0
3.5046014080348087,1,0,0,5723.164880759229,0,0
3.4212815230882834,4,0,0,1634.0594923793383,0,0
0.5867899360950424,3,0,0,6023.626581840792,0,0
4.645991260804301,0,0,0,4455.027470500944,0,0
2.608650265498725,0,0,0,6732.51199288403,0,0
0.1,0,0,1,5637.457260134968,1,0
2.667605745002846,1,0,0,5143.784137265895,0,0
6.585334065977706,3,0,0,4418.6087034205,0,0
4.511266156479838,2,0,0,2794.1326824294933,0,0
3.3554330830788692,3,1,0,5945.28818113709,0,0
6.092698729097412,2,0,0,8060.552444121662,0,0
4.365152242409657,2,0,0,7890.896048741081,0,0
3.9468574921007216,4,0,0,5511.626153528327,1,0
1.2563568297901044,1,0,0,4078.2846682030977,1,0
58.408001952591526,60,0,2,95231.93971702235,1,1
3.82310822829619,1,0,0,6175.662517957084,1,0
3.0020097701317305,1,0,0,5938.155564034564,0,0
2.1255091745038985,3,0,1,3853.800336921613,0,0
2.7065665037884674,3,0,0,6648.424711267115,1,0
3.498798469646461,0,0,0,6818.773306947722,0,0
2.3152932836629163,3,0,0,6341.539485614715,0,0
2.988649055053274,3,1,0,1656.72693711571,0,0
5.7026129216207195,2,0,0,4961.71624310383,0,0
0.5077426203922348,4,0,0,5205.134361310727,0,0
2.6046147747626347,1,0,0,4460.257419186835,0,0
2.398117591020264,2,1,1,6794.870415506813,0,0
12.490518531995656,29,0,0,42317.851463010156,1,1
2.7161314551474125,0,0,0,710.6104440886702,0,0
3.4015671935157537,4,0,0,5408.155000065605,0,0
3.2790792654782828,1,0,0,6372.09171045151,1,0
3.7516281489336984,2,0,0,3688.6173288977325,0,0
4.028623552911993,0,0,0,5571.81089923586,1,0
2.6087573123931254,2,0,0,3349.9022837169714,0,0
4.513002533932259,0,0,0,6165.930435814656,0,0
13.341614101696717,27,1,0,27831.669595695603,0,1
24.20348249701809,53,0,0,87534.99757980357,1,1
3.207362148088023,0,0,0,7916.8784350112,0,0
15.31482170112285,5,1,7,3287.786125520588,0,1
13.752375375897984,16,1,0,11824.81823192447,1,1
3.5654216785430584,3,0,0,4841.8503694743285,0,0
25.523933446543392,30,1,0,24586.31927068465,1,1
2.3645900903087425,5,0,0,5055.101448378976,0,0
2.900711050966858,1,0,0,2187.9376056715273,1,0
3.536047458233511,4,1,0,4675.100390546783,0,0
0.1,1,0,0,2793.1850933676287,0,0
4.387048795154688,2,0,0,7114.962790732808,0,0
5.9733904502183846,3,0,0,5472.223076174297,0,0
1.8869798626653895,2,0,0,6579.649098173967,0,0
47.509964178666344,55,1,0,48011.46169956085,1,1
9.092460699815886,24,1,1,17975.923742990497,0,1
3.591356474163046,0,0,0,5071.784398507712,0,0
2.6700963071004966,2,0,0,4305.512033325824,0,0
32.672005860380764,70,0,2,88040.26556871063,1,1
1.8752799925732238,1,0,0,6258.133590383044,0,0
3.016203127284023,2,0,0,3335.709832033446,0,0
1.9775781712043492,3,0,0,6273.520489659288,0,0
4.826587781176705,4,0,0,3135.95984869893,0,0
6.095841803485002,2,1,0,6791.278090012836,1,0
3.5240259338406443,2,0,1,9024.625899346878,0,0
3.4174994093557562,2,0,0,8058.827576608845,0,0
3.808956829414311,5,0,0,3216.5318723009304,0,0
1.2897586213106542,1,0,0,1087.3078376454519,0,0
1.982603339767235,2,0,0,2605.437717278658,0,0
4.253422391829367,1,0,0,3639.6467323594143,0,0
1.9276851571537355,1,0,0,4280.205194420895,0,0
3.043664919865004,4,0,0,3177.2560289279495,1,0
2.941606199272739,0,0,0,5527.873314496962,0,0
1.997492447467946,3,0,1,2627.3369648783737,0,0
4.070730204723599,1,0,0,4952.327940015305,0,0
3.1081942615708043,2,0,0,4760.898844866252,0,0
4.991529198401537,2,0,0,4926.388961367452,0,0
1.732019302533647,2,0,1,9416.803397365416,0,0
4.6980784326212675,1,0,1,5356.099867427374,1,0
33.53378031739744,3,0,9,2486.8465695161894,1,1
43.39380662157112,62,1,0,132599.0415647165,1,1
4.468262011855799,1,0,0,7759.1396910274525,0,0
41.61895844971926,2,1,16,670.4473918257577,1,1
1.269487625400359,1,0,0,6359.71873998593,0,0
6.07313347629493,1,1,0,4664.886900468377,1,0
2.5321630316169,2,1,0,6157.6743050047735,0,0
1.4479185139728825,3,1,0,4322.284719802356,0,0
2.1241695913616714,1,0,0,7280.838089539848,0,0
41.32431748165624,62,1,0,83750.37540326291,1,1
4.22901464558962,3,0,0,2920.118926517218,1,0
9.812441166011286,26,1,0,58213.88781163262,1,1
1.392056171564671,2,0,0,1259.4905815294974,0,0
1.019365279733385,0,0,0,7236.0466370631075,1,0
2.6528298034668136,2,1,0,5743.2769789738395,0,0
6.68736540860484,1,0,0,3443.3334552912856,0,0
41.123357085892934,60,0,2,67179.40979796194,1,1
4.094573510675563,2,0,1,4671.792057654276,1,0
2.134727290277531,1,0,0,7809.053075524527,0,0
0.4998631005146441,1,0,0,6560.968502505521,0,0
13.123315284565633,26,0,0,44992.21760386837,0,1
3.371921341277812,7,0,0,4118.31014692929,1,0
2.2653747256481864,1,0,1,4586.45382046723,0,0
5.408225074190947,3,0,0,2225.759397364006,0,0
4.574009415815111,1,0,0,5294.437781120989,0,0
11.508288933856644,20,1,2,33340.29836164203,0,1
1.1751597759283083,1,0,0,5803.695500620041,0,0
3.1130993147190935,2,0,0,1422.5053426755535,1,0
1.6419521809772517,1,1,0,5803.803133345307,1,0
4.373895453419398,2,0,0,1974.0614059978607,0,0
1.4684322589825172,0,0,0,5372.981088646329,1,0
0.806313922718771,6,0,0,8928.529273435157,0,0
1.7538451775919963,1,0,0,5106.635355722842,0,0
2.996624633243764,0,0,0,7379.375071416858,0,0
1.8963720146245204,2,0,0,8709.91734131315,0,0
2.932900598718198,3,0,0,5026.731154313659,0,0
16.260977675344208,31,1,0,46367.410553953145,1,1
2.4867706639019294,2,0,0,5122.701726976723,1,0
18.803434625033074,25,1,0,26725.544858978763,1,1
16.844920111202818,1,1,11,4563.0524757624435,1,1
4.62677274139495,1,0,0,6710.281750215221,1,0
2.5798970596786868,3,0,0,5981.363345527917,0,0
4.184049833504558,4,0,0,2525.136352471541,1,0
5.926415224030038,1,0,0,6999.855293365368,0,0
16.419959309725286,0,0,8,3950.1118757378727,1,1
2.5263157707674915,5,0,0,5482.652490013223,1,0
2.501747205241492,1,0,0,6710.994799227381,0,0
1.763803917990785,5,0,0,1292.22619070362,0,0
22.18995586395535,2,1,11,4222.776958397501,1,1
26.270907155975323,71,1,0,67143.60532905688,1,1
2.067807048633339,3,0,0,4689.003826704261,1,0
4.5292663764969445,1,0,0,7242.3605274638285,0,0
2.728153448179948,3,0,0,391.5445184504142,0,0
2.579099329742904,2,0,0,5489.383336787033,1,0
40.104765792971264,42,0,0,87001.04071867334,1,1
2.829125410420374,2,0,0,4640.251617414231,0,0
4.747416667782192,0,0,0,6426.264613194289,0,0
0.1,3,1,0,5806.219879702664,0,0
3.1642280391706312,5,0,0,7418.424915880802,0,0
27.4951411863546,71,0,0,66066.49049142383,1,1
4.17319235864211,2,0,0,7939.287416647039,0,0
17.779974692468596,31,1,0,42729.563701425,1,1
3.850756060529541,3,0,0,4588.378001122631,0,0
1.6668040301536222,0,0,1,2995.2421868072547,1,0
4.463976075441078,4,0,0,5922.726063607828,1,0
3.149216209523608,3,0,0,1888.2438337175604,0,0
2.7731285298804362,1,0,0,7518.465813740962,0,0
4.787084460437121,4,0,0,6240.540184505173,0,0
2.248882884364626,2,1,0,4699.610750952946,0,0
2.394611822220999,0,0,1,2939.960858002024,1,0
3.2760867469073482,0,0,0,6953.8659071090415,1,0
4.79450922805537,5,0,0,5420.40038008048,1,0
3.349014317032056,0,0,1,6771.805004795009,1,0
4.502618096477261,1,0,0,6127.512863291284,0,0
32.463888781683735,1,0,8,100.0,1,1
5.960282155220506,2,0,0,5231.751898735788,1,0
3.593900811646235,0,1,0,8719.742136129327,0,0
2.6409665587904634,1,0,0,760.0294018025315,0,0
40.78706724667391,2,1,12,1063.779865583549,0,1
4.326404580357625,1,1,13,3688.174254135378,0,1
2.570665575238996,1,0,1,6436.235589311686,1,0
23.350002313639592,31,1,0,57640.16955303815,1,1
16.96016564946058,24,0,0,31907.981476017685,1,1
34.960158373819624,63,1,2,39494.953443086684,1,1
5.218911766011345,3,0,1,3726.1050966596795,0,0
2.981521060606033,1,0,1,6172.122786837765,1,0
0.1,4,0,0,4102.259621391444,0,0
1.59864140377806,0,0,0,5936.398112046576,0,0
3.363966406985793,2,0,0,5494.835857787596,0,0
1.487536670588607,1,0,1,6021.400617392743,0,0
1.9473495805998262,3,0,0,4143.492043191885,0,0
3.137289658858292,4,0,0,4240.589775170428,0,0
3.1898950654165406,1,0,0,3037.468189970776,0,0
4.528565539862644,3,1,0,6109.773445908771,1,0
1.3617265093695627,2,0,0,5651.824408867464,0,0
3.2847650892561644,4,0,0,5247.830361372152,0,0
4.125635331605365,3,1,0,6302.360693828216,1,0
2.267970147657098,1,0,1,5926.22550852915,0,0
44.93069371990012,56,0,1,35491.17451023288,1,1
3.046628381656729,3,0,0,5904.295770365878,0,0
3.046570800732831,2,1,0,3764.0860457610497,0,0
2.358653453111813,4,0,0,6590.862368343653,0,0
6.686136138113838,1,0,0,1833.0833707777342,1,0
2.8407271040661355,0,0,0,6532.833790170545,0,0
1.3319336184611985,1,0,0,939.7616192988635,0,0
17.409260897958326,26,1,0,35346.12309044488,0,1
7.109256199662459,3,1,0,2787.676260774026,1,0
1.675200553267313,3,0,0,6951.536228098948,1,0
62.77904728102711,61,1,1,77883.2681416647,1,1
66.9817429134372,71,1,0,33769.40310792068,1,1
1.2454859984633715,4,0,0,3202.9200670741648,0,0
5.105732088099836,5,0,0,6671.2709137826,0,0
3.134389151052652,1,0,0,2688.56803759907,0,0
3.0164782702912882,4,0,0,5606.459601122976,0,0
4.721718991100345,3,0,0,9571.352307499856,0,0
5.589198562004265,3,0,0,4218.918762394284,0,0
19.87434495525349,30,1,1,28713.851227002007,1,1
0.35806589303618264,2,0,0,7189.434443495407,0,0
3.0171681586371992,3,0,0,3620.5744503370374,0,0
20.328633411105223,61,0,0,51389.67050847912,1,1
3.7697997166157715,1,0,0,5377.264615239372,0,0
0.5671123097546862,1,0,0,4718.528193855605,0,0
2.9193261737725194,2,0,0,3103.3124641655777,0,0
4.109446807479843,2,0,1,3355.585387150467,0,0
2.1925256957076305,2,0,0,2779.877475694801,0,0
0.890249059481651,1,0,0,4858.79641663792,0,0
8.871324253128433,3,0,6,2652.129376602988,1,1
5.464101452906445,2,0,0,9189.490030707644,0,0
2.3064904417180694,2,0,0,608.1907074020146,0,0
2.1276090985775924,2,0,0,4198.754312024046,1,0
3.2819603812291565,5,1,0,5281.885833162354,0,0
3.9965305113598966,3,0,0,3519.860129967048,0,0
2.7406933763348453,2,0,1,6962.373908608036,0,0
1.2168554185157237,2,0,1,3226.943406969255,1,0
3.8756798179394223,3,0,1,3635.70380945532,0,0
3.0962052035672305,2,0,1,7379.842127408325,0,0
12.458462764457032,1,0,9,6209.0908011157035,1,1
3.476998041621071,2,0,0,9131.49166440693,0,0
3.6950547090490304,2,0,0,8793.69693928501,0,0
2.264666774941837,3,0,0,1580.2299515114187,1,0
5.585498581174946,1,1,0,6532.263491147407,0,0
3.0056943774321887,1,1,0,3857.823278151404,0,0
2.6983430182217543,1,0,1,1751.1509735186592,1,0
26.819312028320674,3,0,11,2422.4216955012034,0,1
4.144389723505405,3,0,0,4536.7648288563,1,0
60.457298045801494,57,0,1,89819.76236925392,1,1
0.6992078926257936,2,0,0,6144.339534508332,0,0
3.01199104432322,2,0,1,4506.501789815613,0,0
23.554860790152816,8,1,11,3377.6427234039606,1,1
2.7694723434569735,2,0,0,3956.532346140769,0,0
1.5876935966552983,2,0,0,5959.571430294421,1,0
10.757913714499688,4,0,3,1725.7486073869682,1,1
2.8839657302687187,1,0,0,5899.3948827954855,0,0
5.839573328133815,1,0,0,1603.9764525419305,0,0
2.5584784147091253,0,0,0,3527.352517244094,0,0
2.203535243166428,1,0,0,8536.248737989212,0,0
3.5531261761237483,1,0,0,3254.727405844581,1,0
3.5003235174543073,0,0,0,2955.7529844555274,0,0
22.871783589432837,31,1,2,33823.985492300424,1,1
3.4671792514551596,2,0,0,5985.454560433924,1,0
3.6528809357565954,2,0,0,7230.085139141042,0,0
3.0,1,1,9,3016.435937292612,1,1
3.6120542653219,2,1,0,4049.287526039571,0,0
3.342342495208358,2,0,0,4816.535162381516,0,0
2.482264699135653,1,0,0,6167.793231575318,0,0
2.8285167479928788,0,0,0,5352.184858387279,0,0
3.0767130878282427,3,0,0,3239.4380599839915,1,0
2.0229385648986717,5,0,0,8292.290201838601,1,0
2.202183759085864,2,0,0,7298.835013239441,0,0
1.711190972136645,4,0,2,6817.860728327585,1,0
2.367994088031451,4,0,0,4349.1966123855345,1,0
26.73034995200213,25,1,1,35089.00096443812,1,1
1.9318469371815918,3,0,0,6161.219015505894,1,0
22.78401955659337,4,0,9,1900.355267501939,1,1
2.3958255883406405,3,0,0,1279.9616764711773,1,0
31.738336198509586,2,0,15,778.181208085497,1,1
13.590116815560847,2,1,5,2366.0928548431248,0,1
17.818027628510215,5,0,7,4453.320854052688,0,1
1.2069615385528458,2,0,0,3362.4300462984866,0,0
2.744417364965833,2,0,0,5505.260085006591,0,0
3.659885950031496,1,0,0,7574.365422488071,1,0
3.08022244023285,1,1,0,6667.92105556114,0,0
27.49513124569829,4,1,11,2847.3025534138383,1,1
1.5523248566514423,3,0,0,7194.627235956354,0,0
65.7527696485923,69,0,0,128644.41944383984,1,1
2.2739548026409855,1,0,0,6716.960048524141,1,0
5.323088337694292,2,0,0,4458.735990251351,0,0
2.2729038576765093,2,1,0,3446.0812472749953,0,0
3.8583636302809117,1,0,0,6172.9078008497945,1,0
3.6898503994616556,2,0,0,4685.467382700318,0,0
19.030396201906022,28,1,0,47004.54098080309,0,1
2.9588499687244147,1,0,0,6588.721171343777,0,0
2.19069722711829,2,0,0,2028.3524765766201,1,0
3.599661340085155,1,0,0,4542.772150990605,0,0
4.259352136161378,4,0,0,2039.3675844368581,1,0
3.8473759219093684,1,0,0,4815.223800398186,0,0
1.5197143823576438,3,0,0,3534.588110036657,0,0
3.998749646710074,1,0,0,7964.4619253157725,0,0
49.11394625832669,66,0,1,103289.7972992946,0,1
3.435060594725303,1,0,0,2794.734762975723,0,0
2.732017246479165,4,0,0,3247.4247739809252,0,0
17.19854384084261,4,1,7,450.5107723672404,1,1
26.577528784834627,3,1,5,3049.4251991125943,0,1
1.4488332907054347,0,0,0,2285.131101284607,0,0
2.3013477527128834,1,1,0,7780.125451514854,0,0
1.767247055388669,2,0,0,5157.291848363298,0,0
9.177074162516561,23,0,0,31888.10014583571,1,1
4.0467252585000075,4,0,0,5333.127575977203,1,0
1.2263241416903439,2,0,0,3786.5523127606266,1,0
2.193282980464291,0,0,1,7756.877480513791,1,0
4.596314233287013,3,1,0,9405.170828009926,0,0
2.260710346656661,0,0,0,3215.600970212008,0,0
58.837352565670045,62,1,1,89890.44302465215,1,1
1.0597427109924364,1,0,0,6656.905105911537,1,0
8.431172999715011,21,1,0,41206.0118145808,1,1
4.366842007785971,0,0,0,2930.4437445826047,0,0
1.3155644263393051,0,1,0,6737.060018168127,1,0
2.028884691447574,0,1,0,6029.542625174109,0,0
18.600210277735926,2,1,10,809.1847989576459,0,1
2.0705010988070796,1,0,0,2334.271514210495,0,0
3.348254834439384,0,0,0,3577.0061982247184,0,0
3.1870459164770204,4,0,0,1880.469644586578,1,0
42.85300160926468,52,1,0,80932.78578965514,1,1
2.543359855714999,4,0,0,6297.250000281773,1,0
26.221199199658052,4,0,9,1741.5828720827215,0,1
30.19165957985996,1,1,8,2082.2829343425883,1,1
2.0788728369834475,3,0,0,7100.819959170596,1,0
2.120922540036662,0,0,0,6575.584643039072,1,0
1.82361223662723,2,0,0,3582.2020068401644,0,0
1.722694216221348,1,0,0,5233.256924979179,0,0
0.7539402448581951,4,0,0,4967.466164247541,0,0
2.2252338867587507,1,0,0,7080.7457619237975,1,0
5.831885957294199,1,0,0,4579.037783644059,1,0
4.502750954324112,4,0,0,5439.192511505937,1,0
2.081854801410288,2,0,0,6928.235957412909,0,0
3.2975717409396594,3,0,1,8088.547093004903,1,0
4.439385788625111,1,0,0,6579.084455517744,0,0
2.4533573729036378,0,1,0,6903.308610518025,0,0
2.514312443570099,4,0,0,4984.570784236139,0,0
0.22175721689819738,3,0,0,7168.09409986069,1,0
5.56015146062846,3,0,0,8151.9461088813605,1,0
2.6096570541553183,3,0,0,4725.32791406711,0,0
80.42445822459135,59,0,0,14766.06059300583,0,1
2.4236311306791447,2,0,1,2745.5532573000123,0,0
2.733783769359619,1,0,0,1981.857202880606,0,0
0.47160402392278744,2,0,2,5243.703468049965,0,0
3.117675196166867,2,1,0,5012.552082992953,0,0
0.42125829918593016,2,0,0,3155.242182624443,0,0
2.4080923157106158,1,0,0,4895.07807174739,0,0
4.304513635041737,2,0,0,5052.784448101951,0,0
5.2049058464118465,2,0,0,9969.155864171935,0,0
22.173989225373845,34,1,0,51283.829685952354,0,1
3.125431616115836,0,0,0,4219.691677776518,0,0
25.75303973697458,31,1,0,57820.88703404977,0,1
50.36270288247032,67,1,0,65551.6039418505,1,1
3.5130051861315317,1,0,0,5661.295351799333,1,0
3.135877360352618,3,0,1,4798.686361368381,0,0
3.7660619238202706,2,1,0,1612.9560901285631,0,0
0.8370318965399806,2,0,0,6859.142253228914,0,0
2.3042993379728482,4,0,0,5058.526843008423,1,0
3.3897117852082643,6,0,0,5074.832351190148,0,0
1.0363574214180216,0,0,1,5603.718904845998,0,0
3.4178638717677092,1,0,0,4363.199453755703,1,0
27.793544962661915,3,1,5,4218.617840890932,0,1
30.59981042153154,61,1,0,82941.50918047778,1,1
2.217692032820425,3,0,0,3662.7260273721968,1,0
1.6272658262311108,2,0,0,8369.47444041568,1,0
18.219112625995628,2,1,12,3792.4715960235276,1,1
2.498818899929537,1,0,0,5720.997296599398,1,0
1.95112185275393,4,0,0,5148.696143762609,1,0
0.3521695270457261,1,0,0,6845.196718976821,0,0
1.5852601134459157,0,0,0,5134.037980666675,0,0
6.081817641931165,1,0,0,3555.98483991686,1,0
2.3414191348425932,3,0,0,4653.258902597892,1,0
20.641874585942183,23,1,1,37692.533578574876,0,1
4.008171472644655,1,0,0,4550.667140755022,0,0
3.8854808594795855,1,0,0,4120.575221126041,0,0
7.632768292290425,5,0,0,3858.037279354311,0,0
10.543095409514832,3,1,6,2512.6410043550504,0,1
3.947707048817893,2,0,0,5847.559534820413,1,0
2.5066201944999342,1,1,0,4322.890820027708,0,0
2.203767257805529,2,1,0,3593.594664697567,0,0
2.4864885920041764,6,0,0,4977.50163562441,1,0
16.281041133863393,3,1,9,5328.492954293191,1,1
1.9096125616047648,1,0,0,4171.455220847649,1,0
13.457856407909818,25,0,1,27072.800930478006,0,1
32.499297109496915,2,0,13,3180.9593715546116,1,1
3.9712270360642115,1,0,0,4420.688868448629,1,0
0.1,3,0,0,4335.205702695465,0,0
3.548231017557757,3,0,0,5403.717125639487,0,0
31.171549792960334,66,0,1,118209.93732619473,0,1
1.5053720609964156,2,0,0,4035.2205307666945,1,0
2.8647113799339174,3,0,0,4856.769760267515,0,0
4.409130632697272,0,0,0,2099.1962393689423,0,0
1.5094531843402752,2,0,0,8652.81006789078,0,0
3.9259223707383875,0,0,1,4893.549164253892,0,0
5.697431551384594,4,0,0,1730.2111654641617,0,0
10.484347728766554,1,1,6,4717.152515287169,0,1
31.652877944082476,4,0,8,3860.071839779122,1,1
1.6108829394742616,2,0,0,7296.449405210065,0,0
2.4514248215306864,2,0,0,6208.064949909798,0,0
4.767676275477497,4,0,0,8514.694950420599,0,0
3.3579011863926658,0,1,1,5957.203473496514,1,0
1.1033544582341794,1,0,0,1677.081599433462,0,0
2.76730030322911,0,1,0,3763.4518305950933,1,0
2.604784124731447,6,1,0,6223.678495347423,1,0
4.631181930222697,2,0,0,6988.52113586745,0,0
2.005947887467104,0,0,0,4073.979686706701,0,0
3.6670902272928494,4,0,0,6888.997519154042,0,0
21.998402186694243,22,1,1,41622.26181946235,1,1
3.3893126483573077,2,0,1,8727.034900697905,0,0
1.9109773534485348,0,0,0,2032.9931897150364,1,0
6.401466305848881,1,0,0,2223.339851128468,0,0
45.454393359524346,57,1,0,89289.31424572026,1,1
1.8516970838554305,0,0,0,5836.093307599134,1,0
5.219385560476402,1,0,0,7254.406511272246,0,0
3.125971504971681,0,0,0,5389.895002790183,1,0
4.166414295417804,2,0,0,265.41437849106023,0,0
1.7351545945606932,0,0,0,7142.491520495868,0,0
10.980263657350285,16,1,0,20022.024135917716,1,1
3.418296426970858,1,0,0,6872.861201781614,0,0
16.949159514288844,34,0,0,59299.0958936161,1,1
1.9207796500728145,0,0,0,5655.641757689006,0,0
2.993050541663482,4,1,0,7841.583054827146,1,0
0.9258927445520597,0,0,0,100.0,0,0
1.0807548061291532,2,1,0,2813.7387108558,0,0
3.03769306682405,0,0,0,3017.986217961703,1,0
2.7543538438166975,0,0,0,1613.8598712976222,1,0
1.0470981447547432,1,0,0,3791.7266196654673,0,0
4.930996667407598,1,0,0,7478.874105080542,1,0
0.7840383685240018,1,0,1,6889.276632739576,0,0
2.384199017977478,2,0,0,9306.006463693073,0,0
13.192524599045731,25,1,0,38981.09312832882,0,1
2.8939266124133063,3,0,0,5352.063151711107,0,0
9.14128601461782,1,1,9,1387.6703803948083,1,1
3.5063618231984,1,0,0,5099.884613014795,1,0
3.8869810932787265,2,0,0,4537.14125330864,0,0
2.180193310457433,1,0,0,7188.060453236532,0,0
3.1700558070378353,2,0,0,4773.353418435848,1,0
9.962044854033902,32,1,0,14360.399123013918,1,1
14.261542056119936,22,1,0,31406.054699360684,1,1
3.0815303780855734,1,0,1,4090.282859080695,0,0
1.3440170469425077,2,0,0,7149.073745615755,0,0
4.431522493637546,3,0,0,7022.9239817695525,1,0
0.1,0,0,0,4375.394998779548,0,0
0.28557454662415616,3,0,0,6124.982148719978,1,0
4.066839869689282,2,1,0,5745.007277235729,0,0
1.8665299253622112,3,1,0,3190.0761613754566,0,0
3.4092937770386595,1,0,0,5956.423323337848,0,0
2.570626899666462,3,0,0,7423.490778648542,1,0
2.3134508535647615,0,0,0,4933.847269981809,0,0
29.936975375713445,3,1,6,2278.6603826405503,1,1
1.9645056312333362,2,0,0,4480.446073107881,1,0
24.200763481007137,3,0,5,3068.084767462031,1,1
4.978519796612094,1,1,0,4289.468983313443,0,0
2.84486982963805,2,0,0,5298.932895886209,1,0
3.468014207326866,1,0,0,10790.425126925764,1,0
3.0782599779863,1,0,0,2558.607357206544,0,0
3.035032974171833,1,0,1,5416.01302414836,0,0
4.258802032728395,6,0,0,4073.0299169441596,0,0
3.7685550327541826,25,1,0,37406.46451208074,1,1
5.531329559229958,8,1,0,2154.4563278940072,1,0
15.521150555187774,4,0,12,1353.0195064409756,1,1
3.5290802445395144,5,1,0,6191.391090399889,0,0
2.159325796795387,0,0,0,7608.930762119306,0,0
40.12167126630881,56,0,1,91344.06896539824,1,1
1.9121609031963702,3,0,0,5848.796957347315,0,0
29.281743599793657,1,0,5,2207.7478290077524,0,1
2.1505576266284905,0,1,0,1969.7646385258604,1,0
5.775694850765631,4,0,0,6033.622669727272,0,0
2.4116609806195752,6,0,0,4227.413848171789,0,0
0.8810384660981674,2,0,0,2857.0473140687614,0,0
3.4740718059664295,2,0,0,2212.8494734098967,0,0
4.156048173142144,0,0,0,6806.612889282929,0,0
4.054538188568117,2,0,0,7970.745913574692,0,0
0.5686297225377728,2,0,0,3752.5222070459054,0,0
1.4632066306304905,1,0,0,7425.741514273571,0,0
3.627748611825577,3,0,0,8714.56981087698,0,0
3.9239691338632436,2,0,0,9510.680026372935,1,0
69.79515628388063,58,1,1,75625.84235686072,1,1
3.304195915346669,1,0,0,8419.11441617546,0,0
0.1,3,0,1,5370.813770761945,0,0
2.4139835961012066,2,1,0,4510.252349015207,0,0
4.293000075618201,3,0,0,3615.693207226276,0,0
2.0955325311494946,3,0,0,7273.756925870426,0,0
3.0137598722731935,3,0,0,7629.917185131864,0,0
3.9900562376855024,2,1,0,2549.5684082073194,0,0
2.8586061686211646,1,0,0,5485.741742445077,0,0
5.583539912993474,1,0,1,4831.664658812304,0,0
3.7205014438220694,3,0,0,3190.115564365808,1,0
3.7731156043512164,1,1,0,6630.590956955077,0,0
1.562982598948156,5,0,0,3074.9809851883674,0,0
2.404208535124389,1,0,0,3736.8803905950454,0,0
3.922885150452842,3,0,0,3304.867667527803,0,0
1.1767457117314573,0,0,0,3858.3887891126074,0,0
2.682680095379207,5,0,0,3082.1788593926517,0,0
2.5406968815426785,2,1,0,9079.567076650044,0,0
0.1,2,0,0,9131.483995000299,0,0
3.9931223018726287,2,0,0,5636.237013142302,1,0
1.3863960620321514,2,0,0,7606.368195435711,0,0
15.770069750792626,26,1,1,18958.105393984588,1,1
2.306217924085762,1,0,0,7101.608330434663,0,0
2.961541409478489,3,0,0,7049.293481424513,0,0
5.476391898346874,2,0,0,2540.756974241064,0,0
3.715552690839687,3,0,0,3279.086887522529,0,0
1.437618551068092,5,0,0,4887.348393768886,1,0
2.295202126170641,1,0,0,7483.306834101319,0,0
3.746884401404068,1,1,0,3510.977842532965,0,0
5.152509266983403,1,0,0,4056.9146210849685,1,0
3.648891677589228,1,0,0,4602.714485629878,0,0
3.92875667546309,3,0,0,4903.873625223394,0,0
2.3866513646868155,1,0,0,4339.704397888694,0,0
22.516436968331057,0,0,6,3806.334945995654,0,1
9.130113521807196,76,1,0,94552.69072379665,1,1
3.6391859202291394,2,0,0,4920.33483980829,0,0
11.793272258193115,24,1,0,37033.526590565954,1,1
2.9840419850727105,1,0,1,4517.936237037036,1,0
3.153708550654735,2,0,0,4384.979883351456,0,0
4.058954620048224,3,0,0,4942.8652453983905,0,0
5.522724928951236,2,0,0,5259.7500827808735,1,0
3.960320488993138,1,0,0,7564.504524029506,1,0
2.415285295266348,1,0,0,6412.5606700625885,0,0
4.368228593965168,1,0,0,5401.808202385068,1,0
4.032917551468332,4,0,0,3912.9548478103807,0,0
4.659009437254179,1,0,0,2952.951401348722,0,0
19.32056787480052,27,1,0,48368.41262609302,1,1
2.5602126200268573,2,0,0,7296.414560396994,0,0
4.406065450379472,3,0,0,1658.7823479743738,0,0
3.630543188763936,3,0,0,2947.9815018942795,0,0
1.526970870254549,3,0,0,2279.2616319203994,0,0
